#Algoritmo: Algoritmo Simulated Annealing, Problema: Problema de HimmelBlau
tiempo,best_score,best_position_x,best_position_y
0.006,138.129,-1.54448, -1.71316
0.018,138.129,-1.54448, -1.71316
0.023,135.502,-1.56817, -1.78982
0.027,135.502,-1.56817, -1.78982
0.031,132.101,-1.4979, -2.36879
0.036,116.746,-1.75111, -2.29651
0.039,83.4487,-2.18869, -2.60802
0.044,79.0142,-2.244, -2.67257
0.049,73.0675,-2.36941, -3.14581
0.058,54.0229,-2.64633, -3.27419
0.063,54.0229,-2.64633, -3.27419
0.068,54.0229,-2.64633, -3.27419
0.073,54.0229,-2.64633, -3.27419
0.078,54.0229,-2.64633, -3.27419
0.083,54.0229,-2.64633, -3.27419
0.088,54.0229,-2.64633, -3.27419
0.092,54.0229,-2.64633, -3.27419
0.096,54.0229,-2.64633, -3.27419
0.101,54.0229,-2.64633, -3.27419
0.104,54.0229,-2.64633, -3.27419
0.11,54.0229,-2.64633, -3.27419
0.115,54.0229,-2.64633, -3.27419
0.12,54.0229,-2.64633, -3.27419
0.125,54.0229,-2.64633, -3.27419
0.129,54.0229,-2.64633, -3.27419
0.133,54.0229,-2.64633, -3.27419
0.138,54.0229,-2.64633, -3.27419
0.142,54.0229,-2.64633, -3.27419
0.146,54.0229,-2.64633, -3.27419
0.15,54.0229,-2.64633, -3.27419
0.155,54.0229,-2.64633, -3.27419
0.16,54.0229,-2.64633, -3.27419
0.164,54.0229,-2.64633, -3.27419
0.191,54.0229,-2.64633, -3.27419
0.196,54.0229,-2.64633, -3.27419
0.201,54.0229,-2.64633, -3.27419
0.206,54.0229,-2.64633, -3.27419
0.21,54.0229,-2.64633, -3.27419
0.216,54.0229,-2.64633, -3.27419
0.221,54.0229,-2.64633, -3.27419
0.226,54.0229,-2.64633, -3.27419
0.23,54.0229,-2.64633, -3.27419
0.242,54.0229,-2.64633, -3.27419
0.248,54.0229,-2.64633, -3.27419
0.253,54.0229,-2.64633, -3.27419
0.256,54.0229,-2.64633, -3.27419
0.261,54.0229,-2.64633, -3.27419
0.265,54.0229,-2.64633, -3.27419
0.271,54.0229,-2.64633, -3.27419
0.275,54.0229,-2.64633, -3.27419
0.28,54.0229,-2.64633, -3.27419
0.283,54.0229,-2.64633, -3.27419
0.288,54.0229,-2.64633, -3.27419
0.292,54.0229,-2.64633, -3.27419
0.297,54.0229,-2.64633, -3.27419
0.302,54.0229,-2.64633, -3.27419
0.307,54.0229,-2.64633, -3.27419
0.311,54.0229,-2.64633, -3.27419
0.316,54.0229,-2.64633, -3.27419
0.321,54.0229,-2.64633, -3.27419
0.325,54.0229,-2.64633, -3.27419
0.33,54.0229,-2.64633, -3.27419
0.335,54.0229,-2.64633, -3.27419
0.339,54.0229,-2.64633, -3.27419
0.344,54.0229,-2.64633, -3.27419
0.354,54.0229,-2.64633, -3.27419
0.359,54.0229,-2.64633, -3.27419
0.364,54.0229,-2.64633, -3.27419
0.367,54.0229,-2.64633, -3.27419
0.372,54.0229,-2.64633, -3.27419
0.376,54.0229,-2.64633, -3.27419
0.381,54.0229,-2.64633, -3.27419
0.386,54.0229,-2.64633, -3.27419
0.39,54.0229,-2.64633, -3.27419
0.395,54.0229,-2.64633, -3.27419
0.399,54.0229,-2.64633, -3.27419
0.404,54.0229,-2.64633, -3.27419
0.408,54.0229,-2.64633, -3.27419
0.413,54.0229,-2.64633, -3.27419
0.417,54.0229,-2.64633, -3.27419
0.422,54.0229,-2.64633, -3.27419
0.426,54.0229,-2.64633, -3.27419
0.43,54.0229,-2.64633, -3.27419
0.435,54.0229,-2.64633, -3.27419
0.44,54.0229,-2.64633, -3.27419
0.444,54.0229,-2.64633, -3.27419
0.448,54.0229,-2.64633, -3.27419
0.453,54.0229,-2.64633, -3.27419
0.458,54.0229,-2.64633, -3.27419
0.461,54.0229,-2.64633, -3.27419
0.466,54.0229,-2.64633, -3.27419
0.471,54.0229,-2.64633, -3.27419
0.476,54.0229,-2.64633, -3.27419
0.48,54.0229,-2.64633, -3.27419
0.485,54.0229,-2.64633, -3.27419
0.49,54.0229,-2.64633, -3.27419
0.494,54.0229,-2.64633, -3.27419
0.498,54.0229,-2.64633, -3.27419
0.503,54.0229,-2.64633, -3.27419
0.507,54.0229,-2.64633, -3.27419
0.512,54.0229,-2.64633, -3.27419
0.516,52.3137,-2.94844, -3.73217
0.521,25.6718,-3.18732, -3.56274
0.524,11.7127,-3.39969, -3.48822
0.529,7.80399,-3.77, -3.67759
0.534,7.80399,-3.77, -3.67759
0.539,7.80399,-3.77, -3.67759
0.544,7.80399,-3.77, -3.67759
0.549,7.80399,-3.77, -3.67759
0.553,7.80399,-3.77, -3.67759
0.557,7.80399,-3.77, -3.67759
0.562,7.80399,-3.77, -3.67759
0.565,7.80399,-3.77, -3.67759
0.568,3.87443,-3.98461, -3.52327
0.573,2.64992,-3.56026, -3.28595
0.578,2.64992,-3.56026, -3.28595
0.583,2.64992,-3.56026, -3.28595
0.588,2.64992,-3.56026, -3.28595
0.592,2.64992,-3.56026, -3.28595
0.598,2.64992,-3.56026, -3.28595
0.602,2.64992,-3.56026, -3.28595
0.607,2.64992,-3.56026, -3.28595
0.612,2.64992,-3.56026, -3.28595
0.617,2.64992,-3.56026, -3.28595
0.621,2.64992,-3.56026, -3.28595
0.626,2.64992,-3.56026, -3.28595
0.632,2.64992,-3.56026, -3.28595
0.637,2.64992,-3.56026, -3.28595
0.642,2.64992,-3.56026, -3.28595
0.655,2.64992,-3.56026, -3.28595
0.659,2.64992,-3.56026, -3.28595
0.664,2.64992,-3.56026, -3.28595
0.669,2.64992,-3.56026, -3.28595
0.672,2.64992,-3.56026, -3.28595
0.677,2.64992,-3.56026, -3.28595
0.681,2.64992,-3.56026, -3.28595
0.685,2.64992,-3.56026, -3.28595
0.69,2.64992,-3.56026, -3.28595
0.695,2.64992,-3.56026, -3.28595
0.699,2.64992,-3.56026, -3.28595
0.703,2.64992,-3.56026, -3.28595
0.707,2.64992,-3.56026, -3.28595
0.711,2.64992,-3.56026, -3.28595
0.715,2.64992,-3.56026, -3.28595
0.719,2.64992,-3.56026, -3.28595
0.724,2.64992,-3.56026, -3.28595
0.729,2.64992,-3.56026, -3.28595
0.734,2.64992,-3.56026, -3.28595
0.737,2.64992,-3.56026, -3.28595
0.742,2.64992,-3.56026, -3.28595
0.747,2.64992,-3.56026, -3.28595
0.75,2.64992,-3.56026, -3.28595
0.754,2.64992,-3.56026, -3.28595
0.759,2.64992,-3.56026, -3.28595
0.764,2.64992,-3.56026, -3.28595
0.769,2.64992,-3.56026, -3.28595
0.774,2.64992,-3.56026, -3.28595
0.779,2.64992,-3.56026, -3.28595
0.783,2.64992,-3.56026, -3.28595
0.788,2.64992,-3.56026, -3.28595
0.792,2.64992,-3.56026, -3.28595
0.797,2.64992,-3.56026, -3.28595
0.801,2.64992,-3.56026, -3.28595
0.805,2.64992,-3.56026, -3.28595
0.82,2.64992,-3.56026, -3.28595
0.825,2.64992,-3.56026, -3.28595
0.829,2.64992,-3.56026, -3.28595
0.834,2.64992,-3.56026, -3.28595
0.839,2.64992,-3.56026, -3.28595
0.843,2.64992,-3.56026, -3.28595
0.848,2.64992,-3.56026, -3.28595
0.852,2.64992,-3.56026, -3.28595
0.857,2.64992,-3.56026, -3.28595
0.862,2.64992,-3.56026, -3.28595
0.867,2.64992,-3.56026, -3.28595
0.871,2.64992,-3.56026, -3.28595
0.877,2.64992,-3.56026, -3.28595
0.882,2.64992,-3.56026, -3.28595
0.888,2.64992,-3.56026, -3.28595
0.892,2.64992,-3.56026, -3.28595
0.896,2.64992,-3.56026, -3.28595
0.901,2.64992,-3.56026, -3.28595
0.906,2.64992,-3.56026, -3.28595
0.91,2.64992,-3.56026, -3.28595
0.915,2.64992,-3.56026, -3.28595
0.919,2.64992,-3.56026, -3.28595
0.924,2.64992,-3.56026, -3.28595
0.93,2.64992,-3.56026, -3.28595
0.935,2.64992,-3.56026, -3.28595
0.94,2.64992,-3.56026, -3.28595
0.944,2.64992,-3.56026, -3.28595
0.95,2.64992,-3.56026, -3.28595
0.953,2.64992,-3.56026, -3.28595
0.958,2.64992,-3.56026, -3.28595
0.963,2.64992,-3.56026, -3.28595
0.968,2.64992,-3.56026, -3.28595
0.973,2.64992,-3.56026, -3.28595
0.977,2.64992,-3.56026, -3.28595
0.982,2.64992,-3.56026, -3.28595
0.986,2.64992,-3.56026, -3.28595
0.991,2.64992,-3.56026, -3.28595
0.995,2.64992,-3.56026, -3.28595
0.998,2.64992,-3.56026, -3.28595
1.004,2.64992,-3.56026, -3.28595
1.008,2.64992,-3.56026, -3.28595
1.013,2.64992,-3.56026, -3.28595
1.017,2.64992,-3.56026, -3.28595
1.021,2.64992,-3.56026, -3.28595
1.026,2.64992,-3.56026, -3.28595
1.031,2.64992,-3.56026, -3.28595
1.036,2.64992,-3.56026, -3.28595
1.041,2.64992,-3.56026, -3.28595
1.045,2.64992,-3.56026, -3.28595
1.049,2.64992,-3.56026, -3.28595
1.053,2.64992,-3.56026, -3.28595
1.058,2.64992,-3.56026, -3.28595
1.062,2.64992,-3.56026, -3.28595
1.067,2.64992,-3.56026, -3.28595
1.072,2.64992,-3.56026, -3.28595
1.075,2.64992,-3.56026, -3.28595
1.079,2.64992,-3.56026, -3.28595
1.083,2.64992,-3.56026, -3.28595
1.088,2.64992,-3.56026, -3.28595
1.094,2.64992,-3.56026, -3.28595
1.097,2.64992,-3.56026, -3.28595
1.103,2.64992,-3.56026, -3.28595
1.108,2.64992,-3.56026, -3.28595
1.112,2.64992,-3.56026, -3.28595
1.116,2.64992,-3.56026, -3.28595
1.121,2.64992,-3.56026, -3.28595
1.125,2.64992,-3.56026, -3.28595
1.13,2.64992,-3.56026, -3.28595
1.134,2.64992,-3.56026, -3.28595
1.137,2.64992,-3.56026, -3.28595
1.142,2.64992,-3.56026, -3.28595
1.146,2.64992,-3.56026, -3.28595
1.151,2.64992,-3.56026, -3.28595
1.156,2.64992,-3.56026, -3.28595
1.16,2.64992,-3.56026, -3.28595
1.165,2.64992,-3.56026, -3.28595
1.17,2.64992,-3.56026, -3.28595
1.191,2.64992,-3.56026, -3.28595
1.196,2.64992,-3.56026, -3.28595
1.201,2.64992,-3.56026, -3.28595
1.205,2.64992,-3.56026, -3.28595
1.21,2.64992,-3.56026, -3.28595
1.214,2.64992,-3.56026, -3.28595
1.218,2.64992,-3.56026, -3.28595
1.222,2.64992,-3.56026, -3.28595
1.228,2.64992,-3.56026, -3.28595
1.233,2.64992,-3.56026, -3.28595
1.237,2.64992,-3.56026, -3.28595
1.243,2.64992,-3.56026, -3.28595
1.248,2.64992,-3.56026, -3.28595
1.253,2.64992,-3.56026, -3.28595
1.258,2.64992,-3.56026, -3.28595
1.262,2.64992,-3.56026, -3.28595
1.282,2.64992,-3.56026, -3.28595
1.287,2.64992,-3.56026, -3.28595
1.291,2.64992,-3.56026, -3.28595
1.296,2.64992,-3.56026, -3.28595
1.301,2.64992,-3.56026, -3.28595
1.306,2.64992,-3.56026, -3.28595
1.311,2.64992,-3.56026, -3.28595
1.316,2.64992,-3.56026, -3.28595
1.32,2.64992,-3.56026, -3.28595
1.325,2.64992,-3.56026, -3.28595
1.329,2.64992,-3.56026, -3.28595
1.334,2.64992,-3.56026, -3.28595
1.339,2.64992,-3.56026, -3.28595
1.343,2.64992,-3.56026, -3.28595
1.348,2.64992,-3.56026, -3.28595
1.352,2.64992,-3.56026, -3.28595
1.357,2.64992,-3.56026, -3.28595
1.361,2.64992,-3.56026, -3.28595
1.366,2.64992,-3.56026, -3.28595
1.371,2.64992,-3.56026, -3.28595
1.375,2.64992,-3.56026, -3.28595
1.38,2.64992,-3.56026, -3.28595
1.385,2.64992,-3.56026, -3.28595
1.389,2.64992,-3.56026, -3.28595
1.394,2.64992,-3.56026, -3.28595
1.398,2.64992,-3.56026, -3.28595
1.403,2.64992,-3.56026, -3.28595
1.408,2.64338,-2.88738, 2.87674
1.42,2.64338,-2.88738, 2.87674
1.425,2.64338,-2.88738, 2.87674
1.43,2.64338,-2.88738, 2.87674
1.435,2.64338,-2.88738, 2.87674
1.44,2.64338,-2.88738, 2.87674
1.444,2.64338,-2.88738, 2.87674
1.45,2.64338,-2.88738, 2.87674
1.454,0.941538,-2.90454, 3.00688
1.459,0.941538,-2.90454, 3.00688
1.464,0.941538,-2.90454, 3.00688
1.468,0.941538,-2.90454, 3.00688
1.472,0.941538,-2.90454, 3.00688
1.476,0.941538,-2.90454, 3.00688
1.48,0.941538,-2.90454, 3.00688
1.486,0.941538,-2.90454, 3.00688
1.49,0.941538,-2.90454, 3.00688
1.495,0.941538,-2.90454, 3.00688
1.5,0.941538,-2.90454, 3.00688
1.505,0.941538,-2.90454, 3.00688
1.509,0.941538,-2.90454, 3.00688
1.514,0.941538,-2.90454, 3.00688
1.519,0.941538,-2.90454, 3.00688
1.523,0.941538,-2.90454, 3.00688
1.528,0.941538,-2.90454, 3.00688
1.532,0.941538,-2.90454, 3.00688
1.537,0.941538,-2.90454, 3.00688
1.541,0.941538,-2.90454, 3.00688
1.545,0.941538,-2.90454, 3.00688
1.55,0.941538,-2.90454, 3.00688
1.554,0.0147269,-2.7858, 3.13916
1.559,0.0147269,-2.7858, 3.13916
1.564,0.0147269,-2.7858, 3.13916
1.569,0.0147269,-2.7858, 3.13916
1.573,0.0147269,-2.7858, 3.13916
1.577,0.0147269,-2.7858, 3.13916
1.582,0.0147269,-2.7858, 3.13916
1.587,0.0147269,-2.7858, 3.13916
1.591,0.0147269,-2.7858, 3.13916
1.596,0.0147269,-2.7858, 3.13916
1.601,0.0147269,-2.7858, 3.13916
1.605,0.0147269,-2.7858, 3.13916
1.61,0.0147269,-2.7858, 3.13916
1.614,0.0147269,-2.7858, 3.13916
1.619,0.0147269,-2.7858, 3.13916
1.628,0.0147269,-2.7858, 3.13916
1.633,0.0147269,-2.7858, 3.13916
1.637,0.0147269,-2.7858, 3.13916
1.642,0.0147269,-2.7858, 3.13916
1.646,0.0147269,-2.7858, 3.13916
1.651,0.0147269,-2.7858, 3.13916
1.655,0.0147269,-2.7858, 3.13916
1.66,0.0147269,-2.7858, 3.13916
1.664,0.0147269,-2.7858, 3.13916
1.669,0.0147269,-2.7858, 3.13916
1.674,0.0147269,-2.7858, 3.13916
1.678,0.0147269,-2.7858, 3.13916
1.683,0.0147269,-2.7858, 3.13916
1.687,0.0147269,-2.7858, 3.13916
1.692,0.0147269,-2.7858, 3.13916
1.697,0.0147269,-2.7858, 3.13916
1.701,0.0147269,-2.7858, 3.13916
1.706,0.0147269,-2.7858, 3.13916
1.711,0.0147269,-2.7858, 3.13916
1.715,0.0147269,-2.7858, 3.13916
1.72,0.0147269,-2.7858, 3.13916
1.725,0.0147269,-2.7858, 3.13916
1.729,0.0147269,-2.7858, 3.13916
1.735,0.0147269,-2.7858, 3.13916
1.739,0.0147269,-2.7858, 3.13916
1.744,0.0147269,-2.7858, 3.13916
1.749,0.0147269,-2.7858, 3.13916
1.754,0.0147269,-2.7858, 3.13916
1.758,0.0147269,-2.7858, 3.13916
1.762,0.0147269,-2.7858, 3.13916
1.767,0.0147269,-2.7858, 3.13916
1.771,0.0147269,-2.7858, 3.13916
1.776,0.0147269,-2.7858, 3.13916
1.781,0.0147269,-2.7858, 3.13916
1.785,0.0147269,-2.7858, 3.13916
1.789,0.0147269,-2.7858, 3.13916
1.794,0.0147269,-2.7858, 3.13916
1.799,0.0147269,-2.7858, 3.13916
1.804,0.0147269,-2.7858, 3.13916
1.808,0.0147269,-2.7858, 3.13916
1.813,0.0147269,-2.7858, 3.13916
1.817,0.0147269,-2.7858, 3.13916
1.821,0.0147269,-2.7858, 3.13916
1.826,0.0147269,-2.7858, 3.13916
1.83,0.0147269,-2.7858, 3.13916
1.836,0.0147269,-2.7858, 3.13916
1.84,0.0147269,-2.7858, 3.13916
1.845,0.0147269,-2.7858, 3.13916
1.851,0.0147269,-2.7858, 3.13916
1.855,0.0147269,-2.7858, 3.13916
1.861,0.0147269,-2.7858, 3.13916
1.864,0.0147269,-2.7858, 3.13916
1.869,0.0147269,-2.7858, 3.13916
1.872,0.0147269,-2.7858, 3.13916
1.878,0.0147269,-2.7858, 3.13916
1.882,0.0147269,-2.7858, 3.13916
1.886,0.0147269,-2.7858, 3.13916
1.891,0.0147269,-2.7858, 3.13916
1.895,0.0147269,-2.7858, 3.13916
1.899,0.0147269,-2.7858, 3.13916
1.905,0.0147269,-2.7858, 3.13916
1.909,0.0147269,-2.7858, 3.13916
1.914,0.0147269,-2.7858, 3.13916
1.919,0.0147269,-2.7858, 3.13916
1.924,0.0147269,-2.7858, 3.13916
1.928,0.0147269,-2.7858, 3.13916
1.933,0.0147269,-2.7858, 3.13916
1.937,0.0147269,-2.7858, 3.13916
1.942,0.0147269,-2.7858, 3.13916
1.947,0.0147269,-2.7858, 3.13916
1.959,0.0147269,-2.7858, 3.13916
1.964,0.0147269,-2.7858, 3.13916
1.968,0.0147269,-2.7858, 3.13916
1.974,0.0147269,-2.7858, 3.13916
1.979,0.0147269,-2.7858, 3.13916
1.985,0.0147269,-2.7858, 3.13916
1.99,0.0147269,-2.7858, 3.13916
1.995,0.0147269,-2.7858, 3.13916
2,0.0147269,-2.7858, 3.13916
2.005,0.0147269,-2.7858, 3.13916
2.01,0.0147269,-2.7858, 3.13916
2.014,0.0147269,-2.7858, 3.13916
2.019,0.0147269,-2.7858, 3.13916
2.024,0.0147269,-2.7858, 3.13916
2.028,0.0147269,-2.7858, 3.13916
2.033,0.0147269,-2.7858, 3.13916
2.038,0.0147269,-2.7858, 3.13916
2.044,0.0147269,-2.7858, 3.13916
2.049,0.0147269,-2.7858, 3.13916
2.054,0.0147269,-2.7858, 3.13916
2.059,0.0147269,-2.7858, 3.13916
2.064,0.0147269,-2.7858, 3.13916
2.068,0.0147269,-2.7858, 3.13916
2.072,0.0147269,-2.7858, 3.13916
2.077,0.0147269,-2.7858, 3.13916
2.082,0.0147269,-2.7858, 3.13916
2.087,0.0147269,-2.7858, 3.13916
2.091,0.0147269,-2.7858, 3.13916
2.095,0.0147269,-2.7858, 3.13916
2.099,0.0147269,-2.7858, 3.13916
2.104,0.0147269,-2.7858, 3.13916
2.109,0.0147269,-2.7858, 3.13916
2.114,0.0147269,-2.7858, 3.13916
2.119,0.0147269,-2.7858, 3.13916
2.123,0.0147269,-2.7858, 3.13916
2.128,0.0147269,-2.7858, 3.13916
2.131,0.0147269,-2.7858, 3.13916
2.135,0.0147269,-2.7858, 3.13916
2.14,0.0147269,-2.7858, 3.13916
2.145,0.0147269,-2.7858, 3.13916
2.15,0.0147269,-2.7858, 3.13916
2.155,0.0147269,-2.7858, 3.13916
2.16,0.0147269,-2.7858, 3.13916
2.163,0.0147269,-2.7858, 3.13916
2.169,0.0147269,-2.7858, 3.13916
2.173,0.0147269,-2.7858, 3.13916
2.216,0.0147269,-2.7858, 3.13916
2.22,0.0147269,-2.7858, 3.13916
2.226,0.0147269,-2.7858, 3.13916
2.23,0.0147269,-2.7858, 3.13916
2.236,0.0147269,-2.7858, 3.13916
2.24,0.0147269,-2.7858, 3.13916
2.245,0.0147269,-2.7858, 3.13916
2.25,0.0147269,-2.7858, 3.13916
2.255,0.0147269,-2.7858, 3.13916
2.26,0.0147269,-2.7858, 3.13916
2.266,0.0147269,-2.7858, 3.13916
2.271,0.0147269,-2.7858, 3.13916
2.275,0.0147269,-2.7858, 3.13916
2.281,0.0147269,-2.7858, 3.13916
2.286,0.0147269,-2.7858, 3.13916
2.291,0.0147269,-2.7858, 3.13916
2.295,0.0147269,-2.7858, 3.13916
2.3,0.0147269,-2.7858, 3.13916
2.305,0.0147269,-2.7858, 3.13916
2.31,0.0147269,-2.7858, 3.13916
2.314,0.0147269,-2.7858, 3.13916
2.319,0.0147269,-2.7858, 3.13916
2.324,0.0147269,-2.7858, 3.13916
2.329,0.0147269,-2.7858, 3.13916
2.333,0.0147269,-2.7858, 3.13916
2.337,0.0147269,-2.7858, 3.13916
2.342,0.0147269,-2.7858, 3.13916
2.347,0.0147269,-2.7858, 3.13916
2.352,0.0147269,-2.7858, 3.13916
2.356,0.0147269,-2.7858, 3.13916
2.361,0.0147269,-2.7858, 3.13916
2.366,0.0147269,-2.7858, 3.13916
2.371,0.0147269,-2.7858, 3.13916
2.375,0.0147269,-2.7858, 3.13916
2.381,0.0147269,-2.7858, 3.13916
2.385,0.0147269,-2.7858, 3.13916
2.391,0.0147269,-2.7858, 3.13916
2.396,0.0147269,-2.7858, 3.13916
2.4,0.0147269,-2.7858, 3.13916
2.405,0.0147269,-2.7858, 3.13916
2.409,0.0147269,-2.7858, 3.13916
2.414,0.0147269,-2.7858, 3.13916
2.419,0.0147269,-2.7858, 3.13916
2.424,0.0147269,-2.7858, 3.13916
2.428,0.0147269,-2.7858, 3.13916
2.433,0.0147269,-2.7858, 3.13916
2.438,0.0147269,-2.7858, 3.13916
2.443,0.0147269,-2.7858, 3.13916
2.447,0.0147269,-2.7858, 3.13916
2.452,0.0147269,-2.7858, 3.13916
2.457,0.0147269,-2.7858, 3.13916
2.462,0.0147269,-2.7858, 3.13916
2.466,0.0147269,-2.7858, 3.13916
2.47,0.0147269,-2.7858, 3.13916
2.475,0.0147269,-2.7858, 3.13916
2.48,0.0147269,-2.7858, 3.13916
2.485,0.0147269,-2.7858, 3.13916
2.49,0.0147269,-2.7858, 3.13916
2.494,0.0147269,-2.7858, 3.13916
2.499,0.0147269,-2.7858, 3.13916
2.503,0.0147269,-2.7858, 3.13916
2.508,0.0147269,-2.7858, 3.13916
2.513,0.0147269,-2.7858, 3.13916
2.518,0.0147269,-2.7858, 3.13916
2.531,0.0147269,-2.7858, 3.13916
2.536,0.0147269,-2.7858, 3.13916
2.541,0.0147269,-2.7858, 3.13916
2.545,0.0147269,-2.7858, 3.13916
2.575,0.0147269,-2.7858, 3.13916
2.58,0.0147269,-2.7858, 3.13916
2.585,0.0147269,-2.7858, 3.13916
2.59,0.0147269,-2.7858, 3.13916
2.594,0.0147269,-2.7858, 3.13916
2.6,0.0147269,-2.7858, 3.13916
2.604,0.0147269,-2.7858, 3.13916
2.609,0.0147269,-2.7858, 3.13916
2.614,0.0147269,-2.7858, 3.13916
2.618,0.0147269,-2.7858, 3.13916
2.623,0.0147269,-2.7858, 3.13916
2.628,0.0147269,-2.7858, 3.13916
2.633,0.0147269,-2.7858, 3.13916
2.638,0.0147269,-2.7858, 3.13916
2.642,0.0147269,-2.7858, 3.13916
2.647,0.0147269,-2.7858, 3.13916
2.652,0.0147269,-2.7858, 3.13916
2.657,0.0147269,-2.7858, 3.13916
2.662,0.0147269,-2.7858, 3.13916
2.666,0.0147269,-2.7858, 3.13916
2.675,0.0147269,-2.7858, 3.13916
2.68,0.0147269,-2.7858, 3.13916
2.685,0.0147269,-2.7858, 3.13916
2.689,0.0147269,-2.7858, 3.13916
2.694,0.0147269,-2.7858, 3.13916
2.699,0.0147269,-2.7858, 3.13916
2.704,0.0147269,-2.7858, 3.13916
2.709,0.0147269,-2.7858, 3.13916
2.714,0.0147269,-2.7858, 3.13916
2.719,0.0147269,-2.7858, 3.13916
2.724,0.0147269,-2.7858, 3.13916
2.728,0.0147269,-2.7858, 3.13916
2.733,0.0147269,-2.7858, 3.13916
2.738,0.0147269,-2.7858, 3.13916
2.743,0.0147269,-2.7858, 3.13916
2.748,0.0147269,-2.7858, 3.13916
2.753,0.0147269,-2.7858, 3.13916
2.758,0.0147269,-2.7858, 3.13916
2.763,0.0147269,-2.7858, 3.13916
2.768,0.0147269,-2.7858, 3.13916
2.771,0.0147269,-2.7858, 3.13916
2.777,0.0147269,-2.7858, 3.13916
2.782,0.0147269,-2.7858, 3.13916
2.786,0.0147269,-2.7858, 3.13916
2.791,0.0147269,-2.7858, 3.13916
2.796,0.0147269,-2.7858, 3.13916
2.801,0.0147269,-2.7858, 3.13916
2.806,0.0147269,-2.7858, 3.13916
2.811,0.0147269,-2.7858, 3.13916
2.814,0.0147269,-2.7858, 3.13916
2.819,0.0147269,-2.7858, 3.13916
2.824,0.0147269,-2.7858, 3.13916
2.829,0.0147269,-2.7858, 3.13916
2.833,0.0147269,-2.7858, 3.13916
2.839,0.0147269,-2.7858, 3.13916
2.844,0.0147269,-2.7858, 3.13916
2.847,0.0147269,-2.7858, 3.13916
2.853,0.0147269,-2.7858, 3.13916
2.857,0.0147269,-2.7858, 3.13916
2.862,0.0147269,-2.7858, 3.13916
2.867,0.0147269,-2.7858, 3.13916
2.872,0.0147269,-2.7858, 3.13916
2.877,0.0147269,-2.7858, 3.13916
2.881,0.0147269,-2.7858, 3.13916
2.886,0.0147269,-2.7858, 3.13916
2.891,0.0147269,-2.7858, 3.13916
2.895,0.0147269,-2.7858, 3.13916
2.899,0.0147269,-2.7858, 3.13916
2.903,0.0147269,-2.7858, 3.13916
2.908,0.0147269,-2.7858, 3.13916
2.913,0.0147269,-2.7858, 3.13916
2.917,0.0147269,-2.7858, 3.13916
2.921,0.0147269,-2.7858, 3.13916
2.925,0.0147269,-2.7858, 3.13916
2.929,0.0147269,-2.7858, 3.13916
2.935,0.0147269,-2.7858, 3.13916
2.939,0.0147269,-2.7858, 3.13916
2.943,0.0147269,-2.7858, 3.13916
2.948,0.0147269,-2.7858, 3.13916
2.952,0.0147269,-2.7858, 3.13916
2.955,0.0147269,-2.7858, 3.13916
2.96,0.0147269,-2.7858, 3.13916
2.964,0.0147269,-2.7858, 3.13916
2.968,0.0147269,-2.7858, 3.13916
2.974,0.0147269,-2.7858, 3.13916
2.978,0.0147269,-2.7858, 3.13916
2.983,0.0147269,-2.7858, 3.13916
2.988,0.0147269,-2.7858, 3.13916
2.991,0.0147269,-2.7858, 3.13916
2.996,0.0147269,-2.7858, 3.13916
3.001,0.0147269,-2.7858, 3.13916
3.006,0.0147269,-2.7858, 3.13916
3.01,0.0147269,-2.7858, 3.13916
3.014,0.0147269,-2.7858, 3.13916
3.019,0.0147269,-2.7858, 3.13916
3.024,0.0147269,-2.7858, 3.13916
3.028,0.0147269,-2.7858, 3.13916
3.033,0.0147269,-2.7858, 3.13916
3.038,0.0147269,-2.7858, 3.13916
3.043,0.0147269,-2.7858, 3.13916
3.048,0.0147269,-2.7858, 3.13916
3.053,0.0147269,-2.7858, 3.13916
3.059,0.0147269,-2.7858, 3.13916
3.062,0.0147269,-2.7858, 3.13916
3.076,0.0147269,-2.7858, 3.13916
3.081,0.0147269,-2.7858, 3.13916
3.086,0.0147269,-2.7858, 3.13916
3.091,0.0147269,-2.7858, 3.13916
3.096,0.0147269,-2.7858, 3.13916
3.101,0.0147269,-2.7858, 3.13916
3.106,0.0147269,-2.7858, 3.13916
3.11,0.0147269,-2.7858, 3.13916
3.115,0.0147269,-2.7858, 3.13916
3.12,0.0147269,-2.7858, 3.13916
3.125,0.0147269,-2.7858, 3.13916
3.13,0.0147269,-2.7858, 3.13916
3.135,0.0147269,-2.7858, 3.13916
3.139,0.0147269,-2.7858, 3.13916
3.144,0.0147269,-2.7858, 3.13916
3.149,0.0147269,-2.7858, 3.13916
3.155,0.0147269,-2.7858, 3.13916
3.159,0.0147269,-2.7858, 3.13916
3.168,0.0147269,-2.7858, 3.13916
3.19,0.0147269,-2.7858, 3.13916
3.196,0.0147269,-2.7858, 3.13916
3.201,0.0147269,-2.7858, 3.13916
3.204,0.0147269,-2.7858, 3.13916
3.209,0.0147269,-2.7858, 3.13916
3.215,0.0147269,-2.7858, 3.13916
3.22,0.0147269,-2.7858, 3.13916
3.225,0.0147269,-2.7858, 3.13916
3.23,0.0147269,-2.7858, 3.13916
3.234,0.0147269,-2.7858, 3.13916
3.239,0.0147269,-2.7858, 3.13916
3.244,0.0147269,-2.7858, 3.13916
3.248,0.0147269,-2.7858, 3.13916
3.252,0.0147269,-2.7858, 3.13916
3.257,0.0147269,-2.7858, 3.13916
3.261,0.0147269,-2.7858, 3.13916
3.266,0.0147269,-2.7858, 3.13916
3.27,0.0147269,-2.7858, 3.13916
3.276,0.0147269,-2.7858, 3.13916
3.279,0.0147269,-2.7858, 3.13916
3.285,0.0147269,-2.7858, 3.13916
3.289,0.0147269,-2.7858, 3.13916
3.295,0.0147269,-2.7858, 3.13916
3.299,0.0147269,-2.7858, 3.13916
3.304,0.0147269,-2.7858, 3.13916
3.308,0.0147269,-2.7858, 3.13916
3.314,0.0147269,-2.7858, 3.13916
3.318,0.0147269,-2.7858, 3.13916
3.324,0.0147269,-2.7858, 3.13916
3.328,0.0147269,-2.7858, 3.13916
3.333,0.0147269,-2.7858, 3.13916
3.338,0.0147269,-2.7858, 3.13916
3.343,0.0147269,-2.7858, 3.13916
3.348,0.0147269,-2.7858, 3.13916
3.351,0.0147269,-2.7858, 3.13916
3.356,0.0147269,-2.7858, 3.13916
3.36,0.0147269,-2.7858, 3.13916
3.364,0.0147269,-2.7858, 3.13916
3.368,0.0147269,-2.7858, 3.13916
3.372,0.0147269,-2.7858, 3.13916
3.376,0.0147269,-2.7858, 3.13916
3.381,0.0147269,-2.7858, 3.13916
3.386,0.0147269,-2.7858, 3.13916
3.39,0.0147269,-2.7858, 3.13916
3.394,0.0147269,-2.7858, 3.13916
3.399,0.0147269,-2.7858, 3.13916
3.403,0.0147269,-2.7858, 3.13916
3.407,0.0147269,-2.7858, 3.13916
3.412,0.0147269,-2.7858, 3.13916
3.416,0.0147269,-2.7858, 3.13916
3.421,0.0147269,-2.7858, 3.13916
3.425,0.0147269,-2.7858, 3.13916
3.43,0.0147269,-2.7858, 3.13916
3.435,0.0147269,-2.7858, 3.13916
3.441,0.0147269,-2.7858, 3.13916
3.444,0.0147269,-2.7858, 3.13916
3.449,0.0147269,-2.7858, 3.13916
3.454,0.0147269,-2.7858, 3.13916
3.458,0.0147269,-2.7858, 3.13916
3.462,0.0147269,-2.7858, 3.13916
3.468,0.0147269,-2.7858, 3.13916
3.472,0.0147269,-2.7858, 3.13916
3.478,0.0147269,-2.7858, 3.13916
3.482,0.0147269,-2.7858, 3.13916
3.486,0.0147269,-2.7858, 3.13916
3.492,0.0147269,-2.7858, 3.13916
3.496,0.0147269,-2.7858, 3.13916
3.501,0.0147269,-2.7858, 3.13916
3.507,0.0147269,-2.7858, 3.13916
3.511,0.0147269,-2.7858, 3.13916
3.516,0.0147269,-2.7858, 3.13916
3.521,0.0147269,-2.7858, 3.13916
3.527,0.0147269,-2.7858, 3.13916
3.531,0.0147269,-2.7858, 3.13916
3.536,0.0147269,-2.7858, 3.13916
3.54,0.0147269,-2.7858, 3.13916
3.545,0.0147269,-2.7858, 3.13916
3.549,0.0147269,-2.7858, 3.13916
3.554,0.0147269,-2.7858, 3.13916
3.559,0.0147269,-2.7858, 3.13916
3.564,0.0147269,-2.7858, 3.13916
3.568,0.0147269,-2.7858, 3.13916
3.573,0.0147269,-2.7858, 3.13916
3.577,0.0147269,-2.7858, 3.13916
3.581,0.0147269,-2.7858, 3.13916
3.586,0.0147269,-2.7858, 3.13916
3.591,0.0147269,-2.7858, 3.13916
3.605,0.0147269,-2.7858, 3.13916
3.609,0.0147269,-2.7858, 3.13916
3.614,0.0147269,-2.7858, 3.13916
3.619,0.0147269,-2.7858, 3.13916
3.623,0.0147269,-2.7858, 3.13916
3.628,0.0147269,-2.7858, 3.13916
3.632,0.0147269,-2.7858, 3.13916
3.638,0.0147269,-2.7858, 3.13916
3.641,0.0147269,-2.7858, 3.13916
3.647,0.0147269,-2.7858, 3.13916
3.651,0.0147269,-2.7858, 3.13916
3.655,0.0147269,-2.7858, 3.13916
3.661,0.0147269,-2.7858, 3.13916
3.665,0.0147269,-2.7858, 3.13916
3.671,0.0147269,-2.7858, 3.13916
3.679,0.0147269,-2.7858, 3.13916
3.684,0.0147269,-2.7858, 3.13916
3.689,0.0147269,-2.7858, 3.13916
3.693,0.0147269,-2.7858, 3.13916
3.698,0.0147269,-2.7858, 3.13916
3.702,0.0147269,-2.7858, 3.13916
3.707,0.0147269,-2.7858, 3.13916
3.712,0.0147269,-2.7858, 3.13916
3.718,0.0147269,-2.7858, 3.13916
3.722,0.0147269,-2.7858, 3.13916
3.727,0.0147269,-2.7858, 3.13916
3.732,0.0147269,-2.7858, 3.13916
3.737,0.0147269,-2.7858, 3.13916
3.743,0.0147269,-2.7858, 3.13916
3.748,0.0147269,-2.7858, 3.13916
3.752,0.0147269,-2.7858, 3.13916
3.758,0.0147269,-2.7858, 3.13916
3.762,0.0147269,-2.7858, 3.13916
3.768,0.0147269,-2.7858, 3.13916
3.772,0.0147269,-2.7858, 3.13916
3.776,0.0147269,-2.7858, 3.13916
3.782,0.0147269,-2.7858, 3.13916
3.787,0.0147269,-2.7858, 3.13916
3.792,0.0147269,-2.7858, 3.13916
3.796,0.0147269,-2.7858, 3.13916
3.801,0.0147269,-2.7858, 3.13916
3.806,0.0147269,-2.7858, 3.13916
3.811,0.0147269,-2.7858, 3.13916
3.816,0.0147269,-2.7858, 3.13916
3.821,0.0147269,-2.7858, 3.13916
3.826,0.0147269,-2.7858, 3.13916
3.831,0.0147269,-2.7858, 3.13916
3.836,0.0147269,-2.7858, 3.13916
3.841,0.0147269,-2.7858, 3.13916
3.846,0.0147269,-2.7858, 3.13916
3.851,0.0147269,-2.7858, 3.13916
3.855,0.0147269,-2.7858, 3.13916
3.86,0.0147269,-2.7858, 3.13916
3.865,0.0147269,-2.7858, 3.13916
3.87,0.0147269,-2.7858, 3.13916
3.875,0.0147269,-2.7858, 3.13916
3.88,0.0147269,-2.7858, 3.13916
3.885,0.0147269,-2.7858, 3.13916
3.89,0.0147269,-2.7858, 3.13916
3.895,0.0147269,-2.7858, 3.13916
3.9,0.0147269,-2.7858, 3.13916
3.905,0.0147269,-2.7858, 3.13916
3.91,0.0147269,-2.7858, 3.13916
3.914,0.0147269,-2.7858, 3.13916
3.919,0.0147269,-2.7858, 3.13916
3.924,0.0147269,-2.7858, 3.13916
3.929,0.0147269,-2.7858, 3.13916
3.933,0.0147269,-2.7858, 3.13916
3.938,0.0147269,-2.7858, 3.13916
3.943,0.0147269,-2.7858, 3.13916
3.948,0.0147269,-2.7858, 3.13916
3.953,0.0147269,-2.7858, 3.13916
3.957,0.0147269,-2.7858, 3.13916
3.962,0.0147269,-2.7858, 3.13916
3.967,0.0147269,-2.7858, 3.13916
3.972,0.0147269,-2.7858, 3.13916
3.977,0.0147269,-2.7858, 3.13916
3.982,0.0147269,-2.7858, 3.13916
3.986,0.0147269,-2.7858, 3.13916
3.991,0.0147269,-2.7858, 3.13916
3.996,0.0147269,-2.7858, 3.13916
4.001,0.0147269,-2.7858, 3.13916
4.006,0.0147269,-2.7858, 3.13916
4.011,0.0147269,-2.7858, 3.13916
4.015,0.0147269,-2.7858, 3.13916
4.021,0.0147269,-2.7858, 3.13916
4.025,0.0147269,-2.7858, 3.13916
4.03,0.0147269,-2.7858, 3.13916
4.035,0.0147269,-2.7858, 3.13916
4.04,0.0147269,-2.7858, 3.13916
4.045,0.0147269,-2.7858, 3.13916
4.05,0.0147269,-2.7858, 3.13916
4.055,0.0147269,-2.7858, 3.13916
4.059,0.0147269,-2.7858, 3.13916
4.065,0.0147269,-2.7858, 3.13916
4.07,0.0147269,-2.7858, 3.13916
4.075,0.0147269,-2.7858, 3.13916
4.079,0.0147269,-2.7858, 3.13916
4.084,0.0147269,-2.7858, 3.13916
4.089,0.0147269,-2.7858, 3.13916
4.094,0.0147269,-2.7858, 3.13916
4.099,0.0147269,-2.7858, 3.13916
4.104,0.0147269,-2.7858, 3.13916
4.109,0.0147269,-2.7858, 3.13916
4.121,0.0147269,-2.7858, 3.13916
4.126,0.0147269,-2.7858, 3.13916
4.131,0.0147269,-2.7858, 3.13916
4.136,0.0147269,-2.7858, 3.13916
4.141,0.0147269,-2.7858, 3.13916
4.146,0.0147269,-2.7858, 3.13916
4.15,0.0147269,-2.7858, 3.13916
4.155,0.0147269,-2.7858, 3.13916
4.161,0.0147269,-2.7858, 3.13916
4.165,0.0147269,-2.7858, 3.13916
4.17,0.0147269,-2.7858, 3.13916
4.191,0.0147269,-2.7858, 3.13916
4.196,0.0147269,-2.7858, 3.13916
4.204,0.0147269,-2.7858, 3.13916
4.209,0.0147269,-2.7858, 3.13916
4.214,0.0147269,-2.7858, 3.13916
4.219,0.0147269,-2.7858, 3.13916
4.224,0.0147269,-2.7858, 3.13916
4.229,0.0147269,-2.7858, 3.13916
4.234,0.0147269,-2.7858, 3.13916
4.239,0.0147269,-2.7858, 3.13916
4.243,0.0147269,-2.7858, 3.13916
4.248,0.0147269,-2.7858, 3.13916
4.253,0.0147269,-2.7858, 3.13916
4.258,0.0147269,-2.7858, 3.13916
4.263,0.0147269,-2.7858, 3.13916
4.268,0.0147269,-2.7858, 3.13916
4.273,0.0147269,-2.7858, 3.13916
4.277,0.0147269,-2.7858, 3.13916
4.283,0.0147269,-2.7858, 3.13916
4.288,0.0147269,-2.7858, 3.13916
4.293,0.0147269,-2.7858, 3.13916
4.297,0.0147269,-2.7858, 3.13916
4.302,0.0147269,-2.7858, 3.13916
4.307,0.0147269,-2.7858, 3.13916
4.312,0.0147269,-2.7858, 3.13916
4.317,0.0147269,-2.7858, 3.13916
4.322,0.0147269,-2.7858, 3.13916
4.326,0.0147269,-2.7858, 3.13916
4.332,0.0147269,-2.7858, 3.13916
4.336,0.0147269,-2.7858, 3.13916
4.341,0.0147269,-2.7858, 3.13916
4.346,0.0147269,-2.7858, 3.13916
4.351,0.0147269,-2.7858, 3.13916
4.356,0.0147269,-2.7858, 3.13916
4.36,0.0147269,-2.7858, 3.13916
4.365,0.0147269,-2.7858, 3.13916
4.37,0.0147269,-2.7858, 3.13916
4.375,0.0147269,-2.7858, 3.13916
4.38,0.0147269,-2.7858, 3.13916
4.384,0.0147269,-2.7858, 3.13916
4.389,0.0147269,-2.7858, 3.13916
4.394,0.0147269,-2.7858, 3.13916
4.398,0.0147269,-2.7858, 3.13916
4.404,0.0147269,-2.7858, 3.13916
4.408,0.0147269,-2.7858, 3.13916
4.413,0.0147269,-2.7858, 3.13916
4.418,0.0147269,-2.7858, 3.13916
4.423,0.0147269,-2.7858, 3.13916
4.428,0.0147269,-2.7858, 3.13916
4.433,0.0147269,-2.7858, 3.13916
4.438,0.0147269,-2.7858, 3.13916
4.443,0.0147269,-2.7858, 3.13916
4.448,0.0147269,-2.7858, 3.13916
4.452,0.0147269,-2.7858, 3.13916
4.457,0.0147269,-2.7858, 3.13916
4.463,0.0147269,-2.7858, 3.13916
4.467,0.0147269,-2.7858, 3.13916
4.472,0.0147269,-2.7858, 3.13916
4.477,0.0147269,-2.7858, 3.13916
4.482,0.0147269,-2.7858, 3.13916
4.487,0.0147269,-2.7858, 3.13916
4.491,0.0147269,-2.7858, 3.13916
4.496,0.0147269,-2.7858, 3.13916
4.5,0.0147269,-2.7858, 3.13916
4.504,0.0147269,-2.7858, 3.13916
4.51,0.0147269,-2.7858, 3.13916
4.514,0.0147269,-2.7858, 3.13916
4.518,0.0147269,-2.7858, 3.13916
4.523,0.0147269,-2.7858, 3.13916
4.529,0.0147269,-2.7858, 3.13916
4.534,0.0147269,-2.7858, 3.13916
4.539,0.0147269,-2.7858, 3.13916
4.544,0.0147269,-2.7858, 3.13916
4.549,0.0147269,-2.7858, 3.13916
4.554,0.0147269,-2.7858, 3.13916
4.558,0.0147269,-2.7858, 3.13916
4.564,0.0147269,-2.7858, 3.13916
4.569,0.0147269,-2.7858, 3.13916
4.574,0.0147269,-2.7858, 3.13916
4.579,0.0147269,-2.7858, 3.13916
4.583,0.0100956,-2.7886, 3.12539
4.588,0.0100956,-2.7886, 3.12539
4.593,0.0100956,-2.7886, 3.12539
4.598,0.0100956,-2.7886, 3.12539
4.603,0.0100956,-2.7886, 3.12539
4.608,0.0100956,-2.7886, 3.12539
4.613,0.0100956,-2.7886, 3.12539
4.617,0.0100956,-2.7886, 3.12539
4.623,0.0100956,-2.7886, 3.12539
4.627,0.0100956,-2.7886, 3.12539
4.633,0.0100956,-2.7886, 3.12539
4.637,0.0100956,-2.7886, 3.12539
4.642,0.0100956,-2.7886, 3.12539
4.646,0.0100956,-2.7886, 3.12539
4.661,0.0100956,-2.7886, 3.12539
4.666,0.0100956,-2.7886, 3.12539
4.671,0.0100956,-2.7886, 3.12539
4.675,0.0100956,-2.7886, 3.12539
4.68,0.0100956,-2.7886, 3.12539
4.685,0.0100956,-2.7886, 3.12539
4.69,0.0100956,-2.7886, 3.12539
4.695,0.0100956,-2.7886, 3.12539
4.7,0.0100956,-2.7886, 3.12539
4.705,0.0100956,-2.7886, 3.12539
4.709,0.0100956,-2.7886, 3.12539
4.714,0.0100956,-2.7886, 3.12539
4.719,0.0100956,-2.7886, 3.12539
4.724,0.0100956,-2.7886, 3.12539
4.729,0.0100956,-2.7886, 3.12539
4.734,0.0100956,-2.7886, 3.12539
4.739,0.0100956,-2.7886, 3.12539
4.744,0.0100956,-2.7886, 3.12539
4.748,0.0100956,-2.7886, 3.12539
4.754,0.0100956,-2.7886, 3.12539
4.757,0.0100956,-2.7886, 3.12539
4.761,0.0100956,-2.7886, 3.12539
4.767,0.0100956,-2.7886, 3.12539
4.771,0.0100956,-2.7886, 3.12539
4.777,0.0100956,-2.7886, 3.12539
4.782,0.0100956,-2.7886, 3.12539
4.787,0.0100956,-2.7886, 3.12539
4.792,0.0100956,-2.7886, 3.12539
4.797,0.0100956,-2.7886, 3.12539
4.801,0.0100956,-2.7886, 3.12539
4.807,0.0100956,-2.7886, 3.12539
4.812,0.0100956,-2.7886, 3.12539
4.817,0.0100956,-2.7886, 3.12539
4.822,0.0100956,-2.7886, 3.12539
4.827,0.0100956,-2.7886, 3.12539
4.832,0.0100956,-2.7886, 3.12539
4.837,0.0100956,-2.7886, 3.12539
4.842,0.0100956,-2.7886, 3.12539
4.847,0.0100956,-2.7886, 3.12539
4.851,0.0100956,-2.7886, 3.12539
4.856,0.0100956,-2.7886, 3.12539
4.861,0.0100956,-2.7886, 3.12539
4.866,0.0100956,-2.7886, 3.12539
4.871,0.0100956,-2.7886, 3.12539
4.876,0.0100956,-2.7886, 3.12539
4.881,0.0100956,-2.7886, 3.12539
4.886,0.0100956,-2.7886, 3.12539
4.891,0.0100956,-2.7886, 3.12539
4.896,0.0100956,-2.7886, 3.12539
4.901,0.0100956,-2.7886, 3.12539
4.906,0.0100956,-2.7886, 3.12539
4.911,0.0100956,-2.7886, 3.12539
4.915,0.0100956,-2.7886, 3.12539
4.92,0.0100956,-2.7886, 3.12539
4.926,0.0100956,-2.7886, 3.12539
4.93,0.0100956,-2.7886, 3.12539
4.935,0.0100956,-2.7886, 3.12539
4.94,0.0100956,-2.7886, 3.12539
4.945,0.0100956,-2.7886, 3.12539
4.95,0.0100956,-2.7886, 3.12539
4.955,0.0100956,-2.7886, 3.12539
4.96,0.0100956,-2.7886, 3.12539
4.965,0.0100956,-2.7886, 3.12539
4.969,0.0100956,-2.7886, 3.12539
4.975,0.0100956,-2.7886, 3.12539
4.98,0.0100956,-2.7886, 3.12539
4.985,0.0100956,-2.7886, 3.12539
4.99,0.0100956,-2.7886, 3.12539
4.995,0.0100956,-2.7886, 3.12539
4.999,0.0100956,-2.7886, 3.12539
5.004,0.0100956,-2.7886, 3.12539
5.009,0.0100956,-2.7886, 3.12539
5.013,0.0100956,-2.7886, 3.12539
5.019,0.0100956,-2.7886, 3.12539
5.024,0.0100956,-2.7886, 3.12539
5.029,0.0100956,-2.7886, 3.12539
5.034,0.0100956,-2.7886, 3.12539
5.039,0.0100956,-2.7886, 3.12539
5.044,0.0100956,-2.7886, 3.12539
5.049,0.0100956,-2.7886, 3.12539
5.054,0.0100956,-2.7886, 3.12539
5.06,0.0100956,-2.7886, 3.12539
5.065,0.0100956,-2.7886, 3.12539
5.069,0.0100956,-2.7886, 3.12539
5.075,0.0100956,-2.7886, 3.12539
5.081,0.0100956,-2.7886, 3.12539
5.087,0.0100956,-2.7886, 3.12539
5.091,0.0100956,-2.7886, 3.12539
5.097,0.0100956,-2.7886, 3.12539
5.102,0.0100956,-2.7886, 3.12539
5.107,0.0100956,-2.7886, 3.12539
5.111,0.0100956,-2.7886, 3.12539
5.117,0.0100956,-2.7886, 3.12539
5.237,0.0100956,-2.7886, 3.12539
5.242,0.0100956,-2.7886, 3.12539
5.248,0.0100956,-2.7886, 3.12539
5.253,0.0100956,-2.7886, 3.12539
5.259,0.0100956,-2.7886, 3.12539
5.265,0.0100956,-2.7886, 3.12539
5.27,0.0100956,-2.7886, 3.12539
5.274,0.0100956,-2.7886, 3.12539
5.28,0.0100956,-2.7886, 3.12539
5.285,0.0100956,-2.7886, 3.12539
5.291,0.0100956,-2.7886, 3.12539
5.305,0.0100956,-2.7886, 3.12539
5.31,0.0100956,-2.7886, 3.12539
5.315,0.0100956,-2.7886, 3.12539
5.321,0.0100956,-2.7886, 3.12539
5.326,0.0100956,-2.7886, 3.12539
5.331,0.0100956,-2.7886, 3.12539
5.336,0.0100956,-2.7886, 3.12539
5.342,0.0100956,-2.7886, 3.12539
5.347,0.0100956,-2.7886, 3.12539
5.357,0.0100956,-2.7886, 3.12539
5.362,0.0100956,-2.7886, 3.12539
5.367,0.0100956,-2.7886, 3.12539
5.372,0.0100956,-2.7886, 3.12539
5.377,0.0100956,-2.7886, 3.12539
5.382,0.0100956,-2.7886, 3.12539
5.387,0.0100956,-2.7886, 3.12539
5.391,0.0100956,-2.7886, 3.12539
5.396,0.0100956,-2.7886, 3.12539
5.401,0.0100956,-2.7886, 3.12539
5.406,0.0100956,-2.7886, 3.12539
5.411,0.0100956,-2.7886, 3.12539
5.416,0.0100956,-2.7886, 3.12539
5.421,0.0100956,-2.7886, 3.12539
5.426,0.0100956,-2.7886, 3.12539
5.431,0.0100956,-2.7886, 3.12539
5.436,0.0100956,-2.7886, 3.12539
5.441,0.0100956,-2.7886, 3.12539
5.446,0.0100956,-2.7886, 3.12539
5.451,0.0100956,-2.7886, 3.12539
5.456,0.0100956,-2.7886, 3.12539
5.461,0.0100956,-2.7886, 3.12539
5.467,0.0100956,-2.7886, 3.12539
5.472,0.0100956,-2.7886, 3.12539
5.477,0.0100956,-2.7886, 3.12539
5.482,0.0100956,-2.7886, 3.12539
5.487,0.0100956,-2.7886, 3.12539
5.492,0.0100956,-2.7886, 3.12539
5.496,0.0100956,-2.7886, 3.12539
5.501,0.0100956,-2.7886, 3.12539
5.507,0.0100956,-2.7886, 3.12539
5.511,0.0100956,-2.7886, 3.12539
5.515,0.0100956,-2.7886, 3.12539
5.521,0.0100956,-2.7886, 3.12539
5.526,0.0100956,-2.7886, 3.12539
5.532,0.0100956,-2.7886, 3.12539
5.536,0.0100956,-2.7886, 3.12539
5.542,0.0100956,-2.7886, 3.12539
5.546,0.0100956,-2.7886, 3.12539
5.551,0.0100956,-2.7886, 3.12539
5.555,0.0100956,-2.7886, 3.12539
5.56,0.0100956,-2.7886, 3.12539
5.565,0.0100956,-2.7886, 3.12539
5.569,0.0100956,-2.7886, 3.12539
5.574,0.0100956,-2.7886, 3.12539
5.578,0.0100956,-2.7886, 3.12539
5.584,0.0100956,-2.7886, 3.12539
5.588,0.0100956,-2.7886, 3.12539
5.594,0.0100956,-2.7886, 3.12539
5.599,0.0100956,-2.7886, 3.12539
5.604,0.0100956,-2.7886, 3.12539
5.61,0.0100956,-2.7886, 3.12539
5.614,0.0100956,-2.7886, 3.12539
5.62,0.0100956,-2.7886, 3.12539
5.624,0.0100956,-2.7886, 3.12539
5.63,0.0100956,-2.7886, 3.12539
5.634,0.0100956,-2.7886, 3.12539
5.639,0.0100956,-2.7886, 3.12539
5.644,0.0100956,-2.7886, 3.12539
5.649,0.0100956,-2.7886, 3.12539
5.653,0.0100956,-2.7886, 3.12539
5.659,0.0100956,-2.7886, 3.12539
5.663,0.0100956,-2.7886, 3.12539
5.669,0.0100956,-2.7886, 3.12539
5.673,0.0100956,-2.7886, 3.12539
5.678,0.0100956,-2.7886, 3.12539
5.683,0.0100956,-2.7886, 3.12539
5.688,0.0100956,-2.7886, 3.12539
5.692,0.0100956,-2.7886, 3.12539
5.697,0.0100956,-2.7886, 3.12539
5.701,0.0100956,-2.7886, 3.12539
5.706,0.0100956,-2.7886, 3.12539
5.711,0.0100956,-2.7886, 3.12539
5.715,0.0100956,-2.7886, 3.12539
5.72,0.0100956,-2.7886, 3.12539
5.724,0.0100956,-2.7886, 3.12539
5.729,0.0100956,-2.7886, 3.12539
5.732,0.0100956,-2.7886, 3.12539
5.738,0.0100956,-2.7886, 3.12539
5.742,0.0100956,-2.7886, 3.12539
5.747,0.0100956,-2.7886, 3.12539
5.751,0.0100956,-2.7886, 3.12539
5.756,0.0100956,-2.7886, 3.12539
5.76,0.0100956,-2.7886, 3.12539
5.766,0.0100956,-2.7886, 3.12539
5.771,0.0100956,-2.7886, 3.12539
5.775,0.0100956,-2.7886, 3.12539
5.78,0.0100956,-2.7886, 3.12539
5.785,0.0100956,-2.7886, 3.12539
5.789,0.0100956,-2.7886, 3.12539
5.795,0.0100956,-2.7886, 3.12539
5.8,0.0100956,-2.7886, 3.12539
5.805,0.0100956,-2.7886, 3.12539
5.81,0.0100956,-2.7886, 3.12539
5.814,0.0100956,-2.7886, 3.12539
5.828,0.0100956,-2.7886, 3.12539
5.833,0.0100956,-2.7886, 3.12539
5.839,0.0100956,-2.7886, 3.12539
5.843,0.0100956,-2.7886, 3.12539
5.848,0.0100956,-2.7886, 3.12539
5.853,0.0100956,-2.7886, 3.12539
5.858,0.0100956,-2.7886, 3.12539
5.868,0.0100956,-2.7886, 3.12539
5.873,0.0100956,-2.7886, 3.12539
5.878,0.0100956,-2.7886, 3.12539
5.883,0.0100956,-2.7886, 3.12539
5.887,0.0100956,-2.7886, 3.12539
5.893,0.0100956,-2.7886, 3.12539
5.898,0.0100956,-2.7886, 3.12539
5.902,0.0100956,-2.7886, 3.12539
5.908,0.0100956,-2.7886, 3.12539
5.913,0.0100956,-2.7886, 3.12539
5.917,0.0100956,-2.7886, 3.12539
5.922,0.0100956,-2.7886, 3.12539
5.927,0.0100956,-2.7886, 3.12539
5.932,0.0100956,-2.7886, 3.12539
5.937,0.0100956,-2.7886, 3.12539
5.942,0.0100956,-2.7886, 3.12539
5.947,0.0100956,-2.7886, 3.12539
5.952,0.0100956,-2.7886, 3.12539
5.955,0.0100956,-2.7886, 3.12539
5.961,0.0100956,-2.7886, 3.12539
5.965,0.0100956,-2.7886, 3.12539
5.97,0.0100956,-2.7886, 3.12539
5.975,0.0100956,-2.7886, 3.12539
5.98,0.0100956,-2.7886, 3.12539
5.983,0.0100956,-2.7886, 3.12539
5.989,0.0100956,-2.7886, 3.12539
5.993,0.0100956,-2.7886, 3.12539
6,0.0100956,-2.7886, 3.12539
6.004,0.0100956,-2.7886, 3.12539
6.009,0.0100956,-2.7886, 3.12539
6.013,0.0100956,-2.7886, 3.12539
6.017,0.0100956,-2.7886, 3.12539
6.022,0.0100956,-2.7886, 3.12539
6.027,0.0100956,-2.7886, 3.12539
6.032,0.0100956,-2.7886, 3.12539
6.036,0.0100956,-2.7886, 3.12539
6.042,0.0100956,-2.7886, 3.12539
6.046,0.0100956,-2.7886, 3.12539
6.051,0.0100956,-2.7886, 3.12539
6.056,0.0100956,-2.7886, 3.12539
6.061,0.0100956,-2.7886, 3.12539
6.066,0.0100956,-2.7886, 3.12539
6.071,0.0100956,-2.7886, 3.12539
6.076,0.0100956,-2.7886, 3.12539
6.08,0.0100956,-2.7886, 3.12539
6.085,0.0100956,-2.7886, 3.12539
6.09,0.0100956,-2.7886, 3.12539
6.095,0.0100956,-2.7886, 3.12539
6.1,0.0100956,-2.7886, 3.12539
6.105,0.0100956,-2.7886, 3.12539
6.109,0.0100956,-2.7886, 3.12539
6.115,0.0100956,-2.7886, 3.12539
6.119,0.0100956,-2.7886, 3.12539
6.123,0.0100956,-2.7886, 3.12539
6.128,0.0100956,-2.7886, 3.12539
6.133,0.0100956,-2.7886, 3.12539
6.138,0.0100956,-2.7886, 3.12539
6.142,0.0100956,-2.7886, 3.12539
6.147,0.0100956,-2.7886, 3.12539
6.151,0.0100956,-2.7886, 3.12539
6.156,0.0100956,-2.7886, 3.12539
6.16,0.0100956,-2.7886, 3.12539
6.164,0.0100956,-2.7886, 3.12539
6.168,0.0100956,-2.7886, 3.12539
6.172,0.0100956,-2.7886, 3.12539
6.193,0.0100956,-2.7886, 3.12539
6.198,0.0100956,-2.7886, 3.12539
6.203,0.0100956,-2.7886, 3.12539
6.208,0.0100956,-2.7886, 3.12539
6.212,0.0100956,-2.7886, 3.12539
6.217,0.0100956,-2.7886, 3.12539
6.221,0.0100956,-2.7886, 3.12539
6.226,0.0100956,-2.7886, 3.12539
6.232,0.0100956,-2.7886, 3.12539
6.236,0.0100956,-2.7886, 3.12539
6.241,0.0100956,-2.7886, 3.12539
6.246,0.0100956,-2.7886, 3.12539
6.251,0.0100956,-2.7886, 3.12539
6.256,0.0100956,-2.7886, 3.12539
6.261,0.0100956,-2.7886, 3.12539
6.266,0.0100956,-2.7886, 3.12539
6.271,0.0100956,-2.7886, 3.12539
6.276,0.0100956,-2.7886, 3.12539
6.281,0.0100956,-2.7886, 3.12539
6.286,0.0100956,-2.7886, 3.12539
6.291,0.0100956,-2.7886, 3.12539
6.296,0.0100956,-2.7886, 3.12539
6.301,0.0100956,-2.7886, 3.12539
6.305,0.0100956,-2.7886, 3.12539
6.311,0.0100956,-2.7886, 3.12539
6.315,0.0100956,-2.7886, 3.12539
6.32,0.0100956,-2.7886, 3.12539
6.325,0.0100956,-2.7886, 3.12539
6.33,0.0100956,-2.7886, 3.12539
6.335,0.0100956,-2.7886, 3.12539
6.34,0.0100956,-2.7886, 3.12539
6.345,0.0100956,-2.7886, 3.12539
6.358,0.0100956,-2.7886, 3.12539
6.363,0.0100956,-2.7886, 3.12539
6.368,0.0100956,-2.7886, 3.12539
6.373,0.0100956,-2.7886, 3.12539
6.377,0.0100956,-2.7886, 3.12539
6.389,0.0100956,-2.7886, 3.12539
6.394,0.0100956,-2.7886, 3.12539
6.399,0.0100956,-2.7886, 3.12539
6.404,0.0100956,-2.7886, 3.12539
6.409,0.0100956,-2.7886, 3.12539
6.414,0.0100956,-2.7886, 3.12539
6.419,0.0100956,-2.7886, 3.12539
6.424,0.0100956,-2.7886, 3.12539
6.429,0.0100956,-2.7886, 3.12539
6.434,0.0100956,-2.7886, 3.12539
6.438,0.0100956,-2.7886, 3.12539
6.443,0.0100956,-2.7886, 3.12539
6.448,0.0100956,-2.7886, 3.12539
6.453,0.0100956,-2.7886, 3.12539
6.458,0.0100956,-2.7886, 3.12539
6.463,0.0100956,-2.7886, 3.12539
6.468,0.0100956,-2.7886, 3.12539
6.473,0.0100956,-2.7886, 3.12539
6.477,0.0100956,-2.7886, 3.12539
6.482,0.0100956,-2.7886, 3.12539
6.487,0.0100956,-2.7886, 3.12539
6.492,0.0100956,-2.7886, 3.12539
6.497,0.0100956,-2.7886, 3.12539
6.502,0.0100956,-2.7886, 3.12539
6.507,0.0100956,-2.7886, 3.12539
6.512,0.0100956,-2.7886, 3.12539
6.517,0.0100956,-2.7886, 3.12539
6.521,0.0100956,-2.7886, 3.12539
6.526,0.0100956,-2.7886, 3.12539
6.531,0.0100956,-2.7886, 3.12539
6.536,0.0100956,-2.7886, 3.12539
6.541,0.0100956,-2.7886, 3.12539
6.546,0.0100956,-2.7886, 3.12539
6.551,0.0100956,-2.7886, 3.12539
6.556,0.0100956,-2.7886, 3.12539
6.56,0.0100956,-2.7886, 3.12539
6.565,0.0100956,-2.7886, 3.12539
6.57,0.0100956,-2.7886, 3.12539
6.575,0.0100956,-2.7886, 3.12539
6.58,0.0100956,-2.7886, 3.12539
6.585,0.0100956,-2.7886, 3.12539
6.59,0.0100956,-2.7886, 3.12539
6.594,0.0100956,-2.7886, 3.12539
6.6,0.0100956,-2.7886, 3.12539
6.604,0.0100956,-2.7886, 3.12539
6.609,0.0100956,-2.7886, 3.12539
6.614,0.0100956,-2.7886, 3.12539
6.619,0.0100956,-2.7886, 3.12539
6.623,0.0100956,-2.7886, 3.12539
6.629,0.0100956,-2.7886, 3.12539
6.633,0.0100956,-2.7886, 3.12539
6.638,0.0100956,-2.7886, 3.12539
6.643,0.0100956,-2.7886, 3.12539
6.648,0.0100956,-2.7886, 3.12539
6.653,0.0100956,-2.7886, 3.12539
6.658,0.0100956,-2.7886, 3.12539
6.662,0.0100956,-2.7886, 3.12539
6.668,0.0100956,-2.7886, 3.12539
6.672,0.0100956,-2.7886, 3.12539
6.678,0.0100956,-2.7886, 3.12539
6.682,0.0100956,-2.7886, 3.12539
6.687,0.0100956,-2.7886, 3.12539
6.692,0.0100956,-2.7886, 3.12539
6.697,0.0100956,-2.7886, 3.12539
6.702,0.0100956,-2.7886, 3.12539
6.707,0.0100956,-2.7886, 3.12539
6.712,0.0100956,-2.7886, 3.12539
6.717,0.0100956,-2.7886, 3.12539
6.722,0.0100956,-2.7886, 3.12539
6.727,0.0100956,-2.7886, 3.12539
6.731,0.0100956,-2.7886, 3.12539
6.736,0.0100956,-2.7886, 3.12539
6.741,0.0100956,-2.7886, 3.12539
6.746,0.0100956,-2.7886, 3.12539
6.751,0.0100956,-2.7886, 3.12539
6.756,0.0100956,-2.7886, 3.12539
6.761,0.0100956,-2.7886, 3.12539
6.766,0.0100956,-2.7886, 3.12539
6.77,0.0100956,-2.7886, 3.12539
6.775,0.0100956,-2.7886, 3.12539
6.78,0.0100956,-2.7886, 3.12539
6.785,0.0100956,-2.7886, 3.12539
6.789,0.0100956,-2.7886, 3.12539
6.794,0.0100956,-2.7886, 3.12539
6.799,0.0100956,-2.7886, 3.12539
6.804,0.0100956,-2.7886, 3.12539
6.809,0.0100956,-2.7886, 3.12539
6.814,0.0100956,-2.7886, 3.12539
6.819,0.0100956,-2.7886, 3.12539
6.823,0.0100956,-2.7886, 3.12539
6.828,0.0100956,-2.7886, 3.12539
6.833,0.0100956,-2.7886, 3.12539
6.838,0.0100956,-2.7886, 3.12539
6.843,0.0100956,-2.7886, 3.12539
6.848,0.0100956,-2.7886, 3.12539
6.852,0.0100956,-2.7886, 3.12539
6.858,0.0100956,-2.7886, 3.12539
6.862,0.0100956,-2.7886, 3.12539
6.867,0.0100956,-2.7886, 3.12539
6.881,0.0100956,-2.7886, 3.12539
6.885,0.0100956,-2.7886, 3.12539
6.89,0.0100956,-2.7886, 3.12539
6.895,0.0100956,-2.7886, 3.12539
6.904,0.0100956,-2.7886, 3.12539
6.909,0.0100956,-2.7886, 3.12539
6.914,0.0100956,-2.7886, 3.12539
6.919,0.0100956,-2.7886, 3.12539
6.923,0.0100956,-2.7886, 3.12539
6.929,0.0100956,-2.7886, 3.12539
6.933,0.0100956,-2.7886, 3.12539
6.938,0.0100956,-2.7886, 3.12539
6.943,0.0100956,-2.7886, 3.12539
6.948,0.0100956,-2.7886, 3.12539
6.953,0.0100956,-2.7886, 3.12539
6.958,0.0100956,-2.7886, 3.12539
6.963,0.0100956,-2.7886, 3.12539
6.967,0.0100956,-2.7886, 3.12539
6.972,0.0100956,-2.7886, 3.12539
6.977,0.0100956,-2.7886, 3.12539
6.982,0.0100956,-2.7886, 3.12539
6.987,0.0100956,-2.7886, 3.12539
6.992,0.0100956,-2.7886, 3.12539
6.997,0.0100956,-2.7886, 3.12539
7.002,0.0100956,-2.7886, 3.12539
7.007,0.0100956,-2.7886, 3.12539
7.011,0.0100956,-2.7886, 3.12539
7.016,0.0100956,-2.7886, 3.12539
7.021,0.0100956,-2.7886, 3.12539
7.026,0.0100956,-2.7886, 3.12539
7.031,0.0100956,-2.7886, 3.12539
7.036,0.0100956,-2.7886, 3.12539
7.041,0.0100956,-2.7886, 3.12539
7.046,0.0100956,-2.7886, 3.12539
7.05,0.0100956,-2.7886, 3.12539
7.055,0.0100956,-2.7886, 3.12539
7.06,0.0100956,-2.7886, 3.12539
7.065,0.0100956,-2.7886, 3.12539
7.07,0.0100956,-2.7886, 3.12539
7.075,0.0100956,-2.7886, 3.12539
7.079,0.0100956,-2.7886, 3.12539
7.085,0.0100956,-2.7886, 3.12539
7.089,0.0100956,-2.7886, 3.12539
7.094,0.0100956,-2.7886, 3.12539
7.099,0.0100956,-2.7886, 3.12539
7.104,0.0100956,-2.7886, 3.12539
7.109,0.0100956,-2.7886, 3.12539
7.114,0.0100956,-2.7886, 3.12539
7.119,0.0100956,-2.7886, 3.12539
7.123,0.0100956,-2.7886, 3.12539
7.128,0.0100956,-2.7886, 3.12539
7.133,0.0100956,-2.7886, 3.12539
7.138,0.0100956,-2.7886, 3.12539
7.143,0.0100956,-2.7886, 3.12539
7.148,0.0100956,-2.7886, 3.12539
7.153,0.0100956,-2.7886, 3.12539
7.158,0.0100956,-2.7886, 3.12539
7.163,0.0100956,-2.7886, 3.12539
7.167,0.0100956,-2.7886, 3.12539
7.172,0.0100956,-2.7886, 3.12539
7.194,0.0100956,-2.7886, 3.12539
7.199,0.0100956,-2.7886, 3.12539
7.203,0.0100956,-2.7886, 3.12539
7.208,0.0100956,-2.7886, 3.12539
7.211,0.0100956,-2.7886, 3.12539
7.217,0.0100956,-2.7886, 3.12539
7.222,0.0100956,-2.7886, 3.12539
7.227,0.0100956,-2.7886, 3.12539
7.232,0.0100956,-2.7886, 3.12539
7.237,0.0100956,-2.7886, 3.12539
7.242,0.0100956,-2.7886, 3.12539
7.246,0.0100956,-2.7886, 3.12539
7.251,0.0100956,-2.7886, 3.12539
7.257,0.0100956,-2.7886, 3.12539
7.261,0.0100956,-2.7886, 3.12539
7.266,0.0100956,-2.7886, 3.12539
7.271,0.0100956,-2.7886, 3.12539
7.276,0.0100956,-2.7886, 3.12539
7.281,0.0100956,-2.7886, 3.12539
7.286,0.0100956,-2.7886, 3.12539
7.29,0.0100956,-2.7886, 3.12539
7.296,0.0100956,-2.7886, 3.12539
7.3,0.0100956,-2.7886, 3.12539
7.305,0.0100956,-2.7886, 3.12539
7.31,0.0100956,-2.7886, 3.12539
7.315,0.0100956,-2.7886, 3.12539
7.32,0.0100956,-2.7886, 3.12539
7.325,0.0100956,-2.7886, 3.12539
7.33,0.0100956,-2.7886, 3.12539
7.334,0.0100956,-2.7886, 3.12539
7.34,0.0100956,-2.7886, 3.12539
7.344,0.0100956,-2.7886, 3.12539
7.349,0.0100956,-2.7886, 3.12539
7.354,0.0100956,-2.7886, 3.12539
7.359,0.0100956,-2.7886, 3.12539
7.363,0.0100956,-2.7886, 3.12539
7.369,0.0100956,-2.7886, 3.12539
7.373,0.0100956,-2.7886, 3.12539
7.378,0.0100956,-2.7886, 3.12539
7.383,0.0100956,-2.7886, 3.12539
7.388,0.0100956,-2.7886, 3.12539
7.392,0.0100956,-2.7886, 3.12539
7.398,0.0100956,-2.7886, 3.12539
7.402,0.0100956,-2.7886, 3.12539
7.416,0.0100956,-2.7886, 3.12539
7.421,0.0100956,-2.7886, 3.12539
7.429,0.0100956,-2.7886, 3.12539
7.434,0.0100956,-2.7886, 3.12539
7.439,0.0100956,-2.7886, 3.12539
7.444,0.0100956,-2.7886, 3.12539
7.449,0.0100956,-2.7886, 3.12539
7.454,0.0100956,-2.7886, 3.12539
7.458,0.0100956,-2.7886, 3.12539
7.463,0.0100956,-2.7886, 3.12539
7.468,0.0100956,-2.7886, 3.12539
7.473,0.0100956,-2.7886, 3.12539
7.478,0.0100956,-2.7886, 3.12539
7.483,0.0100956,-2.7886, 3.12539
7.488,0.0100956,-2.7886, 3.12539
7.493,0.0100956,-2.7886, 3.12539
7.498,0.0100956,-2.7886, 3.12539
7.502,0.0100956,-2.7886, 3.12539
7.507,0.0100956,-2.7886, 3.12539
7.512,0.0100956,-2.7886, 3.12539
7.517,0.0100956,-2.7886, 3.12539
7.522,0.0100956,-2.7886, 3.12539
7.527,0.0100956,-2.7886, 3.12539
7.532,0.0100956,-2.7886, 3.12539
7.537,0.0100956,-2.7886, 3.12539
7.542,0.0100956,-2.7886, 3.12539
7.546,0.0100956,-2.7886, 3.12539
7.551,0.0100956,-2.7886, 3.12539
7.556,0.0100956,-2.7886, 3.12539
7.561,0.0100956,-2.7886, 3.12539
7.566,0.0100956,-2.7886, 3.12539
7.571,0.0100956,-2.7886, 3.12539
7.575,0.0100956,-2.7886, 3.12539
7.58,0.0100956,-2.7886, 3.12539
7.586,0.0100956,-2.7886, 3.12539
7.59,0.0100956,-2.7886, 3.12539
7.595,0.0100956,-2.7886, 3.12539
7.6,0.0100956,-2.7886, 3.12539
7.605,0.0100956,-2.7886, 3.12539
7.61,0.0100956,-2.7886, 3.12539
7.615,0.0100956,-2.7886, 3.12539
7.619,0.0100956,-2.7886, 3.12539
7.625,0.0100956,-2.7886, 3.12539
7.629,0.0100956,-2.7886, 3.12539
7.634,0.0100956,-2.7886, 3.12539
7.639,0.0100956,-2.7886, 3.12539
7.644,0.0100956,-2.7886, 3.12539
7.649,0.0100956,-2.7886, 3.12539
7.654,0.0100956,-2.7886, 3.12539
7.659,0.0100956,-2.7886, 3.12539
7.664,0.0100956,-2.7886, 3.12539
7.668,0.0100956,-2.7886, 3.12539
7.673,0.0100956,-2.7886, 3.12539
7.678,0.0100956,-2.7886, 3.12539
7.683,0.0100956,-2.7886, 3.12539
7.688,0.0100956,-2.7886, 3.12539
7.693,0.0100956,-2.7886, 3.12539
7.697,0.0100956,-2.7886, 3.12539
7.702,0.0100956,-2.7886, 3.12539
7.707,0.0100956,-2.7886, 3.12539
7.712,0.0100956,-2.7886, 3.12539
7.717,0.0100956,-2.7886, 3.12539
7.722,0.0100956,-2.7886, 3.12539
7.726,0.0100956,-2.7886, 3.12539
7.731,0.0100956,-2.7886, 3.12539
7.736,0.0100956,-2.7886, 3.12539
7.741,0.0100956,-2.7886, 3.12539
7.746,0.0100956,-2.7886, 3.12539
7.751,0.0100956,-2.7886, 3.12539
7.756,0.0100956,-2.7886, 3.12539
7.761,0.0100956,-2.7886, 3.12539
7.765,0.0100956,-2.7886, 3.12539
7.77,0.0100956,-2.7886, 3.12539
7.775,0.0100956,-2.7886, 3.12539
7.78,0.0100956,-2.7886, 3.12539
7.785,0.0100956,-2.7886, 3.12539
7.79,0.0100956,-2.7886, 3.12539
7.795,0.0100956,-2.7886, 3.12539
7.8,0.0100956,-2.7886, 3.12539
7.805,0.0100956,-2.7886, 3.12539
7.809,0.0100956,-2.7886, 3.12539
7.814,0.0100956,-2.7886, 3.12539
7.819,0.0100956,-2.7886, 3.12539
7.824,0.0100956,-2.7886, 3.12539
7.829,0.0100956,-2.7886, 3.12539
7.834,0.0100956,-2.7886, 3.12539
7.838,0.0100956,-2.7886, 3.12539
7.843,0.0100956,-2.7886, 3.12539
7.848,0.0100956,-2.7886, 3.12539
7.853,0.0100956,-2.7886, 3.12539
7.858,0.0100956,-2.7886, 3.12539
7.863,0.0100956,-2.7886, 3.12539
7.867,0.0100956,-2.7886, 3.12539
7.873,0.0100956,-2.7886, 3.12539
7.877,0.0100956,-2.7886, 3.12539
7.882,0.0100956,-2.7886, 3.12539
7.887,0.0100956,-2.7886, 3.12539
7.892,0.0100956,-2.7886, 3.12539
7.897,0.0100956,-2.7886, 3.12539
7.901,0.0100956,-2.7886, 3.12539
7.907,0.0100956,-2.7886, 3.12539
7.911,0.0100956,-2.7886, 3.12539
7.916,0.0100956,-2.7886, 3.12539
7.921,0.0100956,-2.7886, 3.12539
7.934,0.0100956,-2.7886, 3.12539
7.942,0.0100956,-2.7886, 3.12539
7.947,0.0100956,-2.7886, 3.12539
7.952,0.0100956,-2.7886, 3.12539
7.957,0.0100956,-2.7886, 3.12539
7.962,0.0100956,-2.7886, 3.12539
7.967,0.0100956,-2.7886, 3.12539
7.971,0.0100956,-2.7886, 3.12539
7.977,0.0100956,-2.7886, 3.12539
7.981,0.0100956,-2.7886, 3.12539
7.986,0.0100956,-2.7886, 3.12539
7.991,0.0100956,-2.7886, 3.12539
7.996,0.0100956,-2.7886, 3.12539
8,0.0100956,-2.7886, 3.12539
8.005,0.0100956,-2.7886, 3.12539
8.01,0.0100956,-2.7886, 3.12539
8.015,0.0100956,-2.7886, 3.12539
8.02,0.0100956,-2.7886, 3.12539
8.025,0.0100956,-2.7886, 3.12539
8.03,0.0100956,-2.7886, 3.12539
8.034,0.0100956,-2.7886, 3.12539
8.039,0.0100956,-2.7886, 3.12539
8.044,0.0100956,-2.7886, 3.12539
8.049,0.0100956,-2.7886, 3.12539
8.054,0.0100956,-2.7886, 3.12539
8.059,0.0100956,-2.7886, 3.12539
8.064,0.0100956,-2.7886, 3.12539
8.069,0.0100956,-2.7886, 3.12539
8.074,0.0100956,-2.7886, 3.12539
8.078,0.0100956,-2.7886, 3.12539
8.083,0.0100956,-2.7886, 3.12539
8.088,0.0100956,-2.7886, 3.12539
8.093,0.0100956,-2.7886, 3.12539
8.098,0.0100956,-2.7886, 3.12539
8.103,0.0100956,-2.7886, 3.12539
8.107,0.0100956,-2.7886, 3.12539
8.112,0.0100956,-2.7886, 3.12539
8.117,0.0100956,-2.7886, 3.12539
8.122,0.0100956,-2.7886, 3.12539
8.127,0.0100956,-2.7886, 3.12539
8.132,0.0100956,-2.7886, 3.12539
8.136,0.0100956,-2.7886, 3.12539
8.141,0.0100956,-2.7886, 3.12539
8.146,0.0100956,-2.7886, 3.12539
8.151,0.0100956,-2.7886, 3.12539
8.156,0.0100956,-2.7886, 3.12539
8.16,0.0100956,-2.7886, 3.12539
8.165,0.0100956,-2.7886, 3.12539
8.17,0.0100956,-2.7886, 3.12539
8.19,0.0100956,-2.7886, 3.12539
8.195,0.0100956,-2.7886, 3.12539
8.199,0.0100956,-2.7886, 3.12539
8.203,0.0100956,-2.7886, 3.12539
8.208,0.0100956,-2.7886, 3.12539
8.213,0.0100956,-2.7886, 3.12539
8.218,0.0100956,-2.7886, 3.12539
8.223,0.0100956,-2.7886, 3.12539
8.228,0.0100956,-2.7886, 3.12539
8.233,0.0100956,-2.7886, 3.12539
8.237,0.0100956,-2.7886, 3.12539
8.243,0.0100956,-2.7886, 3.12539
8.247,0.0100956,-2.7886, 3.12539
8.252,0.0100956,-2.7886, 3.12539
8.257,0.0100956,-2.7886, 3.12539
8.262,0.0100956,-2.7886, 3.12539
8.267,0.0100956,-2.7886, 3.12539
8.272,0.0100956,-2.7886, 3.12539
8.277,0.0100956,-2.7886, 3.12539
8.282,0.0100956,-2.7886, 3.12539
8.287,0.0100956,-2.7886, 3.12539
8.292,0.0100956,-2.7886, 3.12539
8.296,0.0100956,-2.7886, 3.12539
8.302,0.0100956,-2.7886, 3.12539
8.306,0.0100956,-2.7886, 3.12539
8.311,0.0100956,-2.7886, 3.12539
8.316,0.0100956,-2.7886, 3.12539
8.321,0.0100956,-2.7886, 3.12539
8.325,0.0100956,-2.7886, 3.12539
8.331,0.0100956,-2.7886, 3.12539
8.335,0.0100956,-2.7886, 3.12539
8.341,0.0100956,-2.7886, 3.12539
8.345,0.0100956,-2.7886, 3.12539
8.35,0.0100956,-2.7886, 3.12539
8.355,0.0100956,-2.7886, 3.12539
8.36,0.0100956,-2.7886, 3.12539
8.364,0.0100956,-2.7886, 3.12539
8.37,0.0100956,-2.7886, 3.12539
8.375,0.0100956,-2.7886, 3.12539
8.379,0.0100956,-2.7886, 3.12539
8.384,0.0100956,-2.7886, 3.12539
8.389,0.0100956,-2.7886, 3.12539
8.394,0.0100956,-2.7886, 3.12539
8.399,0.0100956,-2.7886, 3.12539
8.404,0.0100956,-2.7886, 3.12539
8.408,0.0100956,-2.7886, 3.12539
8.414,0.0100956,-2.7886, 3.12539
8.418,0.0100956,-2.7886, 3.12539
8.423,0.0100956,-2.7886, 3.12539
8.428,0.0100956,-2.7886, 3.12539
8.433,0.0100956,-2.7886, 3.12539
8.438,0.0100956,-2.7886, 3.12539
8.443,0.0100956,-2.7886, 3.12539
8.448,0.0100956,-2.7886, 3.12539
8.456,0.0100956,-2.7886, 3.12539
8.469,0.0100956,-2.7886, 3.12539
8.474,0.0100956,-2.7886, 3.12539
8.479,0.0100956,-2.7886, 3.12539
8.484,0.0100956,-2.7886, 3.12539
8.489,0.0100956,-2.7886, 3.12539
8.494,0.0100956,-2.7886, 3.12539
8.499,0.0100956,-2.7886, 3.12539
8.504,0.0100956,-2.7886, 3.12539
8.509,0.0100956,-2.7886, 3.12539
8.513,0.0100956,-2.7886, 3.12539
8.518,0.0100956,-2.7886, 3.12539
8.523,0.0100956,-2.7886, 3.12539
8.528,0.0100956,-2.7886, 3.12539
8.533,0.0100956,-2.7886, 3.12539
8.538,0.0100956,-2.7886, 3.12539
8.543,0.0100956,-2.7886, 3.12539
8.549,0.0100956,-2.7886, 3.12539
8.553,0.0100956,-2.7886, 3.12539
8.558,0.0100956,-2.7886, 3.12539
8.563,0.0100956,-2.7886, 3.12539
8.568,0.0100956,-2.7886, 3.12539
8.573,0.0100956,-2.7886, 3.12539
8.578,0.0100956,-2.7886, 3.12539
8.582,0.0100956,-2.7886, 3.12539
8.588,0.0100956,-2.7886, 3.12539
8.592,0.0100956,-2.7886, 3.12539
8.597,0.0100956,-2.7886, 3.12539
8.602,0.0100956,-2.7886, 3.12539
8.607,0.0100956,-2.7886, 3.12539
8.612,0.0100956,-2.7886, 3.12539
8.617,0.0100956,-2.7886, 3.12539
8.621,0.0100956,-2.7886, 3.12539
8.627,0.0100956,-2.7886, 3.12539
8.631,0.0100956,-2.7886, 3.12539
8.636,0.0100956,-2.7886, 3.12539
8.641,0.0100956,-2.7886, 3.12539
8.646,0.0100956,-2.7886, 3.12539
8.651,0.0100956,-2.7886, 3.12539
8.656,0.0100956,-2.7886, 3.12539
8.66,0.0100956,-2.7886, 3.12539
8.665,0.0100956,-2.7886, 3.12539
8.671,0.0100956,-2.7886, 3.12539
8.675,0.0100956,-2.7886, 3.12539
8.68,0.0100956,-2.7886, 3.12539
8.685,0.0100956,-2.7886, 3.12539
8.69,0.0100956,-2.7886, 3.12539
8.695,0.0100956,-2.7886, 3.12539
8.7,0.0100956,-2.7886, 3.12539
8.705,0.0100956,-2.7886, 3.12539
8.71,0.0100956,-2.7886, 3.12539
8.714,0.0100956,-2.7886, 3.12539
8.719,0.0100956,-2.7886, 3.12539
8.724,0.0100956,-2.7886, 3.12539
8.729,0.0100956,-2.7886, 3.12539
8.734,0.0100956,-2.7886, 3.12539
8.739,0.0100956,-2.7886, 3.12539
8.743,0.0100956,-2.7886, 3.12539
8.749,0.0100956,-2.7886, 3.12539
8.753,0.0100956,-2.7886, 3.12539
8.758,0.0100956,-2.7886, 3.12539
8.763,0.0100956,-2.7886, 3.12539
8.768,0.0100956,-2.7886, 3.12539
8.773,0.0100956,-2.7886, 3.12539
8.778,0.0100956,-2.7886, 3.12539
8.783,0.0100956,-2.7886, 3.12539
8.788,0.0100956,-2.7886, 3.12539
8.793,0.0100956,-2.7886, 3.12539
8.798,0.0100956,-2.7886, 3.12539
8.802,0.0100956,-2.7886, 3.12539
8.807,0.0100956,-2.7886, 3.12539
8.812,0.0100956,-2.7886, 3.12539
8.817,0.0100956,-2.7886, 3.12539
8.822,0.0100956,-2.7886, 3.12539
8.827,0.0100956,-2.7886, 3.12539
8.832,0.0100956,-2.7886, 3.12539
8.837,0.0100956,-2.7886, 3.12539
8.841,0.0100956,-2.7886, 3.12539
8.846,0.0100956,-2.7886, 3.12539
8.851,0.0100956,-2.7886, 3.12539
8.856,0.0100956,-2.7886, 3.12539
8.861,0.0100956,-2.7886, 3.12539
8.866,0.0100956,-2.7886, 3.12539
8.871,0.0100956,-2.7886, 3.12539
8.876,0.0100956,-2.7886, 3.12539
8.88,0.0100956,-2.7886, 3.12539
8.886,0.0100956,-2.7886, 3.12539
8.891,0.0100956,-2.7886, 3.12539
8.895,0.0100956,-2.7886, 3.12539
8.9,0.0100956,-2.7886, 3.12539
8.905,0.0100956,-2.7886, 3.12539
8.91,0.0100956,-2.7886, 3.12539
8.915,0.0100956,-2.7886, 3.12539
8.919,0.0100956,-2.7886, 3.12539
8.924,0.0100956,-2.7886, 3.12539
8.929,0.0100956,-2.7886, 3.12539
8.934,0.0100956,-2.7886, 3.12539
8.939,0.0100956,-2.7886, 3.12539
8.944,0.0100956,-2.7886, 3.12539
8.949,0.0100956,-2.7886, 3.12539
8.954,0.0100956,-2.7886, 3.12539
8.959,0.0100956,-2.7886, 3.12539
8.967,0.0100956,-2.7886, 3.12539
8.972,0.0100956,-2.7886, 3.12539
8.977,0.0100956,-2.7886, 3.12539
8.99,0.0100956,-2.7886, 3.12539
8.995,0.0100956,-2.7886, 3.12539
9,0.0100956,-2.7886, 3.12539
9.005,0.0100956,-2.7886, 3.12539
9.01,0.0100956,-2.7886, 3.12539
9.014,0.0100956,-2.7886, 3.12539
9.018,0.0100956,-2.7886, 3.12539
9.024,0.0100956,-2.7886, 3.12539
9.029,0.0100956,-2.7886, 3.12539
9.033,0.0100956,-2.7886, 3.12539
9.039,0.0100956,-2.7886, 3.12539
9.043,0.0100956,-2.7886, 3.12539
9.048,0.0100956,-2.7886, 3.12539
9.053,0.0100956,-2.7886, 3.12539
9.057,0.0100956,-2.7886, 3.12539
9.063,0.0100956,-2.7886, 3.12539
9.068,0.0100956,-2.7886, 3.12539
9.074,0.0100956,-2.7886, 3.12539
9.078,0.0100956,-2.7886, 3.12539
9.083,0.0100956,-2.7886, 3.12539
9.088,0.0100956,-2.7886, 3.12539
9.093,0.0100956,-2.7886, 3.12539
9.098,0.0100956,-2.7886, 3.12539
9.103,0.0100956,-2.7886, 3.12539
9.108,0.0100956,-2.7886, 3.12539
9.113,0.0100956,-2.7886, 3.12539
9.118,0.0100956,-2.7886, 3.12539
9.123,0.0100956,-2.7886, 3.12539
9.128,0.0100956,-2.7886, 3.12539
9.133,0.0100956,-2.7886, 3.12539
9.138,0.0100956,-2.7886, 3.12539
9.143,0.0100956,-2.7886, 3.12539
9.148,0.0100956,-2.7886, 3.12539
9.153,0.0100956,-2.7886, 3.12539
9.157,0.0100956,-2.7886, 3.12539
9.162,0.0100956,-2.7886, 3.12539
9.167,0.0100956,-2.7886, 3.12539
9.172,0.0100956,-2.7886, 3.12539
9.194,0.0100956,-2.7886, 3.12539
9.199,0.0100956,-2.7886, 3.12539
9.203,0.0100956,-2.7886, 3.12539
9.209,0.0100956,-2.7886, 3.12539
9.214,0.0100956,-2.7886, 3.12539
9.219,0.0100956,-2.7886, 3.12539
9.223,0.0100956,-2.7886, 3.12539
9.228,0.0100956,-2.7886, 3.12539
9.233,0.0100956,-2.7886, 3.12539
9.238,0.0100956,-2.7886, 3.12539
9.243,0.0100956,-2.7886, 3.12539
9.248,0.0100956,-2.7886, 3.12539
9.253,0.0100956,-2.7886, 3.12539
9.258,0.0100956,-2.7886, 3.12539
9.263,0.0100956,-2.7886, 3.12539
9.268,0.0100956,-2.7886, 3.12539
9.273,0.0100956,-2.7886, 3.12539
9.277,0.0100956,-2.7886, 3.12539
9.281,0.0100956,-2.7886, 3.12539
9.287,0.0100956,-2.7886, 3.12539
9.292,0.0100956,-2.7886, 3.12539
9.297,0.0100956,-2.7886, 3.12539
9.301,0.0100956,-2.7886, 3.12539
9.306,0.0100956,-2.7886, 3.12539
9.311,0.0100956,-2.7886, 3.12539
9.316,0.0100956,-2.7886, 3.12539
9.321,0.0100956,-2.7886, 3.12539
9.326,0.0100956,-2.7886, 3.12539
9.331,0.0100956,-2.7886, 3.12539
9.336,0.0100956,-2.7886, 3.12539
9.34,0.0100956,-2.7886, 3.12539
9.345,0.0100956,-2.7886, 3.12539
9.35,0.0100956,-2.7886, 3.12539
9.355,0.0100956,-2.7886, 3.12539
9.36,0.0100956,-2.7886, 3.12539
9.365,0.0100956,-2.7886, 3.12539
9.37,0.0100956,-2.7886, 3.12539
9.374,0.0100956,-2.7886, 3.12539
9.379,0.0100956,-2.7886, 3.12539
9.384,0.0100956,-2.7886, 3.12539
9.389,0.0100956,-2.7886, 3.12539
9.394,0.0100956,-2.7886, 3.12539
9.399,0.0100956,-2.7886, 3.12539
9.403,0.0100956,-2.7886, 3.12539
9.408,0.0100956,-2.7886, 3.12539
9.413,0.0100956,-2.7886, 3.12539
9.418,0.0100956,-2.7886, 3.12539
9.423,0.0100956,-2.7886, 3.12539
9.428,0.0100956,-2.7886, 3.12539
9.433,0.0100956,-2.7886, 3.12539
9.438,0.0100956,-2.7886, 3.12539
9.442,0.0100956,-2.7886, 3.12539
9.448,0.0100956,-2.7886, 3.12539
9.452,0.0100956,-2.7886, 3.12539
9.457,0.0100956,-2.7886, 3.12539
9.462,0.0100956,-2.7886, 3.12539
9.467,0.0100956,-2.7886, 3.12539
9.472,0.0100956,-2.7886, 3.12539
9.477,0.0100956,-2.7886, 3.12539
9.482,0.0100956,-2.7886, 3.12539
9.486,0.0100956,-2.7886, 3.12539
9.491,0.0100956,-2.7886, 3.12539
9.5,0.0100956,-2.7886, 3.12539
9.505,0.0100956,-2.7886, 3.12539
9.51,0.0100956,-2.7886, 3.12539
9.515,0.0100956,-2.7886, 3.12539
9.528,0.0100956,-2.7886, 3.12539
9.533,0.0100956,-2.7886, 3.12539
9.538,0.0100956,-2.7886, 3.12539
9.543,0.0100956,-2.7886, 3.12539
9.547,0.0100956,-2.7886, 3.12539
9.552,0.0100956,-2.7886, 3.12539
9.557,0.0100956,-2.7886, 3.12539
9.562,0.0100956,-2.7886, 3.12539
9.567,0.0100956,-2.7886, 3.12539
9.572,0.0100956,-2.7886, 3.12539
9.577,0.0100956,-2.7886, 3.12539
9.582,0.0100956,-2.7886, 3.12539
9.586,0.0100956,-2.7886, 3.12539
9.591,0.0100956,-2.7886, 3.12539
9.596,0.0100956,-2.7886, 3.12539
9.601,0.0100956,-2.7886, 3.12539
9.606,0.0100956,-2.7886, 3.12539
9.611,0.0100956,-2.7886, 3.12539
9.616,0.0100956,-2.7886, 3.12539
9.621,0.0100956,-2.7886, 3.12539
9.625,0.0100956,-2.7886, 3.12539
9.63,0.0100956,-2.7886, 3.12539
9.636,0.0100956,-2.7886, 3.12539
9.64,0.0100956,-2.7886, 3.12539
9.645,0.0100956,-2.7886, 3.12539
9.65,0.0100956,-2.7886, 3.12539
9.655,0.0100956,-2.7886, 3.12539
9.66,0.0100956,-2.7886, 3.12539
9.665,0.0100956,-2.7886, 3.12539
9.669,0.0100956,-2.7886, 3.12539
9.675,0.0100956,-2.7886, 3.12539
9.679,0.0100956,-2.7886, 3.12539
9.684,0.0100956,-2.7886, 3.12539
9.689,0.0100956,-2.7886, 3.12539
9.694,0.0100956,-2.7886, 3.12539
9.698,0.0100956,-2.7886, 3.12539
9.704,0.0100956,-2.7886, 3.12539
9.708,0.0100956,-2.7886, 3.12539
9.713,0.0100956,-2.7886, 3.12539
9.718,0.0100956,-2.7886, 3.12539
9.723,0.0100956,-2.7886, 3.12539
9.728,0.0100956,-2.7886, 3.12539
9.733,0.0100956,-2.7886, 3.12539
9.738,0.0100956,-2.7886, 3.12539
9.743,0.0100956,-2.7886, 3.12539
9.747,0.0100956,-2.7886, 3.12539
9.752,0.0100956,-2.7886, 3.12539
9.758,0.0100956,-2.7886, 3.12539
9.762,0.0100956,-2.7886, 3.12539
9.767,0.0100956,-2.7886, 3.12539
9.772,0.0100956,-2.7886, 3.12539
9.777,0.0100956,-2.7886, 3.12539
9.782,0.0100956,-2.7886, 3.12539
9.787,0.0100956,-2.7886, 3.12539
9.791,0.0100956,-2.7886, 3.12539
9.796,0.0100956,-2.7886, 3.12539
9.801,0.0100956,-2.7886, 3.12539
9.806,0.0100956,-2.7886, 3.12539
9.811,0.0100956,-2.7886, 3.12539
9.816,0.0100956,-2.7886, 3.12539
9.821,0.0100956,-2.7886, 3.12539
9.826,0.0100956,-2.7886, 3.12539
9.831,0.0100956,-2.7886, 3.12539
9.836,0.0100956,-2.7886, 3.12539
9.84,0.0100956,-2.7886, 3.12539
9.845,0.0100956,-2.7886, 3.12539
9.85,0.0100956,-2.7886, 3.12539
9.854,0.0100956,-2.7886, 3.12539
9.859,0.0100956,-2.7886, 3.12539
9.864,0.0100956,-2.7886, 3.12539
9.869,0.0100956,-2.7886, 3.12539
9.873,0.0100956,-2.7886, 3.12539
9.878,0.0100956,-2.7886, 3.12539
9.883,0.0100956,-2.7886, 3.12539
9.887,0.0100956,-2.7886, 3.12539
9.892,0.0100956,-2.7886, 3.12539
9.897,0.0100956,-2.7886, 3.12539
9.902,0.0100956,-2.7886, 3.12539
9.907,0.0100956,-2.7886, 3.12539
9.912,0.0100956,-2.7886, 3.12539
9.917,0.0100956,-2.7886, 3.12539
9.922,0.0100956,-2.7886, 3.12539
9.926,0.0100956,-2.7886, 3.12539
9.931,0.0100956,-2.7886, 3.12539
9.936,0.0100956,-2.7886, 3.12539
9.941,0.0100956,-2.7886, 3.12539
9.946,0.0100956,-2.7886, 3.12539
9.951,0.0100956,-2.7886, 3.12539
9.956,0.0100956,-2.7886, 3.12539
9.961,0.0100956,-2.7886, 3.12539
9.966,0.0100956,-2.7886, 3.12539
9.971,0.0100956,-2.7886, 3.12539
9.976,0.0100956,-2.7886, 3.12539
9.98,0.0100956,-2.7886, 3.12539
9.985,0.0100956,-2.7886, 3.12539
9.99,0.0100956,-2.7886, 3.12539
9.995,0.0100956,-2.7886, 3.12539
10,0.0100956,-2.7886, 3.12539
10.005,0.0100956,-2.7886, 3.12539
10.01,0.0100956,-2.7886, 3.12539
10.015,0.0100956,-2.7886, 3.12539
10.019,0.0100956,-2.7886, 3.12539
10.024,0.0100956,-2.7886, 3.12539
10.03,0.0100956,-2.7886, 3.12539
10.042,0.0100956,-2.7886, 3.12539
10.047,0.0100956,-2.7886, 3.12539
10.052,0.0100956,-2.7886, 3.12539
10.057,0.0100956,-2.7886, 3.12539
10.062,0.0100956,-2.7886, 3.12539
10.067,0.0100956,-2.7886, 3.12539
10.071,0.0100956,-2.7886, 3.12539
10.076,0.0100956,-2.7886, 3.12539
10.082,0.0100956,-2.7886, 3.12539
10.086,0.0100956,-2.7886, 3.12539
10.091,0.0100956,-2.7886, 3.12539
10.096,0.0100956,-2.7886, 3.12539
10.101,0.0100956,-2.7886, 3.12539
10.106,0.0100956,-2.7886, 3.12539
10.111,0.0100956,-2.7886, 3.12539
10.116,0.0100956,-2.7886, 3.12539
10.121,0.0100956,-2.7886, 3.12539
10.125,0.0100956,-2.7886, 3.12539
10.13,0.0100956,-2.7886, 3.12539
10.135,0.0100956,-2.7886, 3.12539
10.14,0.0100956,-2.7886, 3.12539
10.145,0.0100956,-2.7886, 3.12539
10.15,0.0100956,-2.7886, 3.12539
10.155,0.0100956,-2.7886, 3.12539
10.159,0.0100956,-2.7886, 3.12539
10.165,0.0100956,-2.7886, 3.12539
10.169,0.0100956,-2.7886, 3.12539
10.194,0.0100956,-2.7886, 3.12539
10.197,0.0100956,-2.7886, 3.12539
10.202,0.0100956,-2.7886, 3.12539
10.208,0.0100956,-2.7886, 3.12539
10.212,0.0100956,-2.7886, 3.12539
10.217,0.0100956,-2.7886, 3.12539
10.222,0.0100956,-2.7886, 3.12539
10.226,0.0100956,-2.7886, 3.12539
10.231,0.0100956,-2.7886, 3.12539
10.236,0.0100956,-2.7886, 3.12539
10.241,0.0100956,-2.7886, 3.12539
10.246,0.0100956,-2.7886, 3.12539
10.251,0.0100956,-2.7886, 3.12539
10.256,0.0100956,-2.7886, 3.12539
10.261,0.0100956,-2.7886, 3.12539
10.266,0.0100956,-2.7886, 3.12539
10.271,0.0100956,-2.7886, 3.12539
10.276,0.0100956,-2.7886, 3.12539
10.28,0.0100956,-2.7886, 3.12539
10.286,0.0100956,-2.7886, 3.12539
10.29,0.0100956,-2.7886, 3.12539
10.295,0.0100956,-2.7886, 3.12539
10.3,0.0100956,-2.7886, 3.12539
10.305,0.0100956,-2.7886, 3.12539
10.31,0.0100956,-2.7886, 3.12539
10.315,0.0100956,-2.7886, 3.12539
10.319,0.0100956,-2.7886, 3.12539
10.324,0.0100956,-2.7886, 3.12539
10.33,0.0100956,-2.7886, 3.12539
10.334,0.0100956,-2.7886, 3.12539
10.339,0.0100956,-2.7886, 3.12539
10.344,0.0100956,-2.7886, 3.12539
10.349,0.0100956,-2.7886, 3.12539
10.354,0.0100956,-2.7886, 3.12539
10.358,0.0100956,-2.7886, 3.12539
10.363,0.0100956,-2.7886, 3.12539
10.368,0.0100956,-2.7886, 3.12539
10.373,0.0100956,-2.7886, 3.12539
10.378,0.0100956,-2.7886, 3.12539
10.383,0.0100956,-2.7886, 3.12539
10.388,0.0100956,-2.7886, 3.12539
10.393,0.0100956,-2.7886, 3.12539
10.397,0.0100956,-2.7886, 3.12539
10.402,0.0100956,-2.7886, 3.12539
10.407,0.0100956,-2.7886, 3.12539
10.412,0.0100956,-2.7886, 3.12539
10.417,0.0100956,-2.7886, 3.12539
10.422,0.0100956,-2.7886, 3.12539
10.426,0.0100956,-2.7886, 3.12539
10.431,0.0100956,-2.7886, 3.12539
10.571,0.0100956,-2.7886, 3.12539
10.577,0.0100956,-2.7886, 3.12539
10.581,0.0100956,-2.7886, 3.12539
10.586,0.0100956,-2.7886, 3.12539
10.591,0.0100956,-2.7886, 3.12539
10.596,0.0100956,-2.7886, 3.12539
10.601,0.0100956,-2.7886, 3.12539
10.606,0.0100956,-2.7886, 3.12539
10.611,0.0100956,-2.7886, 3.12539
10.615,0.0100956,-2.7886, 3.12539
10.621,0.0100956,-2.7886, 3.12539
10.625,0.0100956,-2.7886, 3.12539
10.63,0.0100956,-2.7886, 3.12539
10.635,0.0100956,-2.7886, 3.12539
10.64,0.0100956,-2.7886, 3.12539
10.645,0.0100956,-2.7886, 3.12539
10.649,0.0100956,-2.7886, 3.12539
10.654,0.0100956,-2.7886, 3.12539
10.659,0.0100956,-2.7886, 3.12539
10.664,0.0100956,-2.7886, 3.12539
10.669,0.0100956,-2.7886, 3.12539
10.674,0.0100956,-2.7886, 3.12539
10.679,0.0100956,-2.7886, 3.12539
10.683,0.0100956,-2.7886, 3.12539
10.688,0.0100956,-2.7886, 3.12539
10.693,0.0100956,-2.7886, 3.12539
10.698,0.0100956,-2.7886, 3.12539
10.711,0.0100956,-2.7886, 3.12539
10.716,0.0100956,-2.7886, 3.12539
10.721,0.0100956,-2.7886, 3.12539
10.726,0.0100956,-2.7886, 3.12539
10.731,0.0100956,-2.7886, 3.12539
10.735,0.0100956,-2.7886, 3.12539
10.74,0.0100956,-2.7886, 3.12539
10.745,0.0100956,-2.7886, 3.12539
10.75,0.0100956,-2.7886, 3.12539
10.755,0.0100956,-2.7886, 3.12539
10.76,0.0100956,-2.7886, 3.12539
10.764,0.0100956,-2.7886, 3.12539
10.77,0.0100956,-2.7886, 3.12539
10.774,0.0100956,-2.7886, 3.12539
10.779,0.0100956,-2.7886, 3.12539
10.784,0.0100956,-2.7886, 3.12539
10.789,0.0100956,-2.7886, 3.12539
10.794,0.0100956,-2.7886, 3.12539
10.798,0.0100956,-2.7886, 3.12539
10.803,0.0100956,-2.7886, 3.12539
10.808,0.0100956,-2.7886, 3.12539
10.813,0.0100956,-2.7886, 3.12539
10.818,0.0100956,-2.7886, 3.12539
10.823,0.0100956,-2.7886, 3.12539
10.827,0.0100956,-2.7886, 3.12539
10.832,0.0100956,-2.7886, 3.12539
10.837,0.0100956,-2.7886, 3.12539
10.842,0.0100956,-2.7886, 3.12539
10.847,0.0100956,-2.7886, 3.12539
10.851,0.0100956,-2.7886, 3.12539
10.856,0.0100956,-2.7886, 3.12539
10.861,0.0100956,-2.7886, 3.12539
10.866,0.0100956,-2.7886, 3.12539
10.87,0.0100956,-2.7886, 3.12539
10.875,0.0100956,-2.7886, 3.12539
10.879,0.0100956,-2.7886, 3.12539
10.883,0.0100956,-2.7886, 3.12539
10.888,0.0100956,-2.7886, 3.12539
10.894,0.0100956,-2.7886, 3.12539
10.898,0.0100956,-2.7886, 3.12539
10.903,0.0100956,-2.7886, 3.12539
10.908,0.0100956,-2.7886, 3.12539
10.913,0.0100956,-2.7886, 3.12539
10.917,0.0100956,-2.7886, 3.12539
10.922,0.0100956,-2.7886, 3.12539
10.927,0.0100956,-2.7886, 3.12539
10.932,0.0100956,-2.7886, 3.12539
10.937,0.0100956,-2.7886, 3.12539
10.942,0.0100956,-2.7886, 3.12539
10.946,0.0100956,-2.7886, 3.12539
10.951,0.0100956,-2.7886, 3.12539
10.956,0.0100956,-2.7886, 3.12539
10.961,0.0100956,-2.7886, 3.12539
10.966,0.0100956,-2.7886, 3.12539
10.971,0.0100956,-2.7886, 3.12539
10.975,0.0100956,-2.7886, 3.12539
10.98,0.0100956,-2.7886, 3.12539
10.985,0.0100956,-2.7886, 3.12539
10.99,0.0100956,-2.7886, 3.12539
10.995,0.0100956,-2.7886, 3.12539
10.999,0.0100956,-2.7886, 3.12539
11.004,0.0100956,-2.7886, 3.12539
11.009,0.0100956,-2.7886, 3.12539
11.014,0.0100956,-2.7886, 3.12539
11.019,0.0100956,-2.7886, 3.12539
11.024,0.0100956,-2.7886, 3.12539
11.029,0.0100956,-2.7886, 3.12539
11.034,0.0100956,-2.7886, 3.12539
11.038,0.0100956,-2.7886, 3.12539
11.044,0.0100956,-2.7886, 3.12539
11.048,0.0100956,-2.7886, 3.12539
11.053,0.0100956,-2.7886, 3.12539
11.058,0.0100956,-2.7886, 3.12539
11.063,0.0100956,-2.7886, 3.12539
11.068,0.0100956,-2.7886, 3.12539
11.076,0.0100956,-2.7886, 3.12539
11.081,0.0100956,-2.7886, 3.12539
11.086,0.0100956,-2.7886, 3.12539
11.09,0.0100956,-2.7886, 3.12539
11.096,0.0100956,-2.7886, 3.12539
11.1,0.0100956,-2.7886, 3.12539
11.105,0.0100956,-2.7886, 3.12539
11.109,0.0100956,-2.7886, 3.12539
11.115,0.0100956,-2.7886, 3.12539
11.119,0.0100956,-2.7886, 3.12539
11.125,0.0100956,-2.7886, 3.12539
11.129,0.0100956,-2.7886, 3.12539
11.134,0.0100956,-2.7886, 3.12539
11.139,0.0100956,-2.7886, 3.12539
11.144,0.0100956,-2.7886, 3.12539
11.149,0.0100956,-2.7886, 3.12539
11.154,0.0100956,-2.7886, 3.12539
11.159,0.0100956,-2.7886, 3.12539
11.164,0.0100956,-2.7886, 3.12539
11.168,0.0100956,-2.7886, 3.12539
11.192,0.0100956,-2.7886, 3.12539
11.196,0.0100956,-2.7886, 3.12539
11.202,0.0100956,-2.7886, 3.12539
11.206,0.0100956,-2.7886, 3.12539
11.21,0.0100956,-2.7886, 3.12539
11.215,0.0100956,-2.7886, 3.12539
11.22,0.0100956,-2.7886, 3.12539
11.225,0.0100956,-2.7886, 3.12539
11.23,0.0100956,-2.7886, 3.12539
11.243,0.0100956,-2.7886, 3.12539
11.248,0.0100956,-2.7886, 3.12539
11.253,0.0100956,-2.7886, 3.12539
11.258,0.0100956,-2.7886, 3.12539
11.262,0.0100956,-2.7886, 3.12539
11.267,0.0100956,-2.7886, 3.12539
11.272,0.0100956,-2.7886, 3.12539
11.276,0.0100956,-2.7886, 3.12539
11.281,0.0100956,-2.7886, 3.12539
11.286,0.0100956,-2.7886, 3.12539
11.291,0.0100956,-2.7886, 3.12539
11.296,0.0100956,-2.7886, 3.12539
11.3,0.0100956,-2.7886, 3.12539
11.304,0.0100956,-2.7886, 3.12539
11.309,0.0100956,-2.7886, 3.12539
11.314,0.0100956,-2.7886, 3.12539
11.319,0.0100956,-2.7886, 3.12539
11.325,0.0100956,-2.7886, 3.12539
11.328,0.0100956,-2.7886, 3.12539
11.333,0.0100956,-2.7886, 3.12539
11.337,0.0100956,-2.7886, 3.12539
11.342,0.0100956,-2.7886, 3.12539
11.347,0.0100956,-2.7886, 3.12539
11.352,0.0100956,-2.7886, 3.12539
11.356,0.0100956,-2.7886, 3.12539
11.36,0.0100956,-2.7886, 3.12539
11.365,0.0100956,-2.7886, 3.12539
11.37,0.0100956,-2.7886, 3.12539
11.375,0.0100956,-2.7886, 3.12539
11.38,0.0100956,-2.7886, 3.12539
11.385,0.0100956,-2.7886, 3.12539
11.389,0.0100956,-2.7886, 3.12539
11.394,0.0100956,-2.7886, 3.12539
11.398,0.0100956,-2.7886, 3.12539
11.403,0.0100956,-2.7886, 3.12539
11.408,0.0100956,-2.7886, 3.12539
11.413,0.0100956,-2.7886, 3.12539
11.418,0.0100956,-2.7886, 3.12539
11.423,0.0100956,-2.7886, 3.12539
11.429,0.0100956,-2.7886, 3.12539
11.433,0.0100956,-2.7886, 3.12539
11.438,0.0100956,-2.7886, 3.12539
11.442,0.0100956,-2.7886, 3.12539
11.447,0.0100956,-2.7886, 3.12539
11.452,0.0100956,-2.7886, 3.12539
11.458,0.0100956,-2.7886, 3.12539
11.463,0.0100956,-2.7886, 3.12539
11.467,0.0100956,-2.7886, 3.12539
11.472,0.0100956,-2.7886, 3.12539
11.478,0.0100956,-2.7886, 3.12539
11.483,0.0100956,-2.7886, 3.12539
11.487,0.0100956,-2.7886, 3.12539
11.492,0.0100956,-2.7886, 3.12539
11.497,0.0100956,-2.7886, 3.12539
11.502,0.0100956,-2.7886, 3.12539
11.507,0.0100956,-2.7886, 3.12539
11.511,0.0100956,-2.7886, 3.12539
11.516,0.0100956,-2.7886, 3.12539
11.521,0.0100956,-2.7886, 3.12539
11.525,0.0100956,-2.7886, 3.12539
11.53,0.0100956,-2.7886, 3.12539
11.535,0.0100956,-2.7886, 3.12539
11.54,0.0100956,-2.7886, 3.12539
11.544,0.0100956,-2.7886, 3.12539
11.549,0.0100956,-2.7886, 3.12539
11.554,0.0100956,-2.7886, 3.12539
11.559,0.0100956,-2.7886, 3.12539
11.564,0.0100956,-2.7886, 3.12539
11.569,0.0100956,-2.7886, 3.12539
11.574,0.0100956,-2.7886, 3.12539
11.579,0.0100956,-2.7886, 3.12539
11.584,0.0100956,-2.7886, 3.12539
11.589,0.0100956,-2.7886, 3.12539
11.597,0.0100956,-2.7886, 3.12539
11.601,0.0100956,-2.7886, 3.12539
11.606,0.0100956,-2.7886, 3.12539
11.611,0.0100956,-2.7886, 3.12539
11.616,0.0100956,-2.7886, 3.12539
11.62,0.0100956,-2.7886, 3.12539
11.625,0.0100956,-2.7886, 3.12539
11.629,0.0100956,-2.7886, 3.12539
11.634,0.0100956,-2.7886, 3.12539
11.638,0.0100956,-2.7886, 3.12539
11.643,0.0100956,-2.7886, 3.12539
11.648,0.0100956,-2.7886, 3.12539
11.652,0.0100956,-2.7886, 3.12539
11.657,0.0100956,-2.7886, 3.12539
11.661,0.0100956,-2.7886, 3.12539
11.666,0.0100956,-2.7886, 3.12539
11.67,0.0100956,-2.7886, 3.12539
11.675,0.0100956,-2.7886, 3.12539
11.68,0.0100956,-2.7886, 3.12539
11.685,0.0100956,-2.7886, 3.12539
11.689,0.0100956,-2.7886, 3.12539
11.694,0.0100956,-2.7886, 3.12539
11.698,0.0100956,-2.7886, 3.12539
11.703,0.0100956,-2.7886, 3.12539
11.707,0.0100956,-2.7886, 3.12539
11.712,0.0100956,-2.7886, 3.12539
11.717,0.0100956,-2.7886, 3.12539
11.721,0.0100956,-2.7886, 3.12539
11.726,0.0100956,-2.7886, 3.12539
11.731,0.0100956,-2.7886, 3.12539
11.735,0.0100956,-2.7886, 3.12539
11.748,0.0100956,-2.7886, 3.12539
11.753,0.0100956,-2.7886, 3.12539
11.758,0.0100956,-2.7886, 3.12539
11.764,0.0100956,-2.7886, 3.12539
11.769,0.0100956,-2.7886, 3.12539
11.772,0.0100956,-2.7886, 3.12539
11.778,0.0100956,-2.7886, 3.12539
11.783,0.0100956,-2.7886, 3.12539
11.787,0.0100956,-2.7886, 3.12539
11.792,0.0100956,-2.7886, 3.12539
11.796,0.0100956,-2.7886, 3.12539
11.802,0.0100956,-2.7886, 3.12539
11.807,0.0100956,-2.7886, 3.12539
11.812,0.0100956,-2.7886, 3.12539
11.817,0.0100956,-2.7886, 3.12539
11.821,0.0100956,-2.7886, 3.12539
11.826,0.0100956,-2.7886, 3.12539
11.831,0.0100956,-2.7886, 3.12539
11.836,0.0100956,-2.7886, 3.12539
11.841,0.0100956,-2.7886, 3.12539
11.846,0.0100956,-2.7886, 3.12539
11.851,0.0100956,-2.7886, 3.12539
11.855,0.0100956,-2.7886, 3.12539
11.859,0.0100956,-2.7886, 3.12539
11.865,0.0100956,-2.7886, 3.12539
11.87,0.0100956,-2.7886, 3.12539
11.875,0.0100956,-2.7886, 3.12539
11.88,0.0100956,-2.7886, 3.12539
11.884,0.0100956,-2.7886, 3.12539
11.889,0.0100956,-2.7886, 3.12539
11.894,0.0100956,-2.7886, 3.12539
11.899,0.0100956,-2.7886, 3.12539
11.904,0.0100956,-2.7886, 3.12539
11.909,0.0100956,-2.7886, 3.12539
11.914,0.0100956,-2.7886, 3.12539
11.919,0.0100956,-2.7886, 3.12539
11.923,0.0100956,-2.7886, 3.12539
11.928,0.0100956,-2.7886, 3.12539
11.934,0.0100956,-2.7886, 3.12539
11.938,0.0100956,-2.7886, 3.12539
11.943,0.0100956,-2.7886, 3.12539
11.949,0.0100956,-2.7886, 3.12539
11.953,0.0100956,-2.7886, 3.12539
11.96,0.0100956,-2.7886, 3.12539
11.964,0.0100956,-2.7886, 3.12539
11.969,0.0100956,-2.7886, 3.12539
11.974,0.0100956,-2.7886, 3.12539
11.979,0.0100956,-2.7886, 3.12539
11.984,0.0100956,-2.7886, 3.12539
11.989,0.0100956,-2.7886, 3.12539
11.994,0.0100956,-2.7886, 3.12539
11.999,0.0100956,-2.7886, 3.12539
12.004,0.0100956,-2.7886, 3.12539
12.009,0.0100956,-2.7886, 3.12539
12.014,0.0100956,-2.7886, 3.12539
12.019,0.0100956,-2.7886, 3.12539
12.024,0.0100956,-2.7886, 3.12539
12.029,0.0100956,-2.7886, 3.12539
12.034,0.0100956,-2.7886, 3.12539
12.039,0.0100956,-2.7886, 3.12539
12.043,0.0100956,-2.7886, 3.12539
12.048,0.0100956,-2.7886, 3.12539
12.053,0.0100956,-2.7886, 3.12539
12.058,0.0100956,-2.7886, 3.12539
12.063,0.0100956,-2.7886, 3.12539
12.068,0.0100956,-2.7886, 3.12539
12.073,0.0100956,-2.7886, 3.12539
12.078,0.0100956,-2.7886, 3.12539
12.083,0.0100956,-2.7886, 3.12539
12.088,0.0100956,-2.7886, 3.12539
12.092,0.0100956,-2.7886, 3.12539
12.1,0.0100956,-2.7886, 3.12539
12.106,0.0100956,-2.7886, 3.12539
12.11,0.0100956,-2.7886, 3.12539
12.115,0.0100956,-2.7886, 3.12539
12.12,0.0100956,-2.7886, 3.12539
12.125,0.0100956,-2.7886, 3.12539
12.13,0.0100956,-2.7886, 3.12539
12.135,0.0100956,-2.7886, 3.12539
12.14,0.0100956,-2.7886, 3.12539
12.145,0.0100956,-2.7886, 3.12539
12.15,0.0100956,-2.7886, 3.12539
12.155,0.0100956,-2.7886, 3.12539
12.16,0.0100956,-2.7886, 3.12539
12.164,0.0100956,-2.7886, 3.12539
12.17,0.0100956,-2.7886, 3.12539
12.19,0.0100956,-2.7886, 3.12539
12.194,0.0100956,-2.7886, 3.12539
12.199,0.0100956,-2.7886, 3.12539
12.203,0.0100956,-2.7886, 3.12539
12.209,0.0100956,-2.7886, 3.12539
12.214,0.0100956,-2.7886, 3.12539
12.219,0.0100956,-2.7886, 3.12539
12.224,0.0100956,-2.7886, 3.12539
12.229,0.0100956,-2.7886, 3.12539
12.234,0.0100956,-2.7886, 3.12539
12.238,0.0100956,-2.7886, 3.12539
12.244,0.0100956,-2.7886, 3.12539
12.248,0.0100956,-2.7886, 3.12539
12.254,0.0100956,-2.7886, 3.12539
12.259,0.0100956,-2.7886, 3.12539
12.263,0.0100956,-2.7886, 3.12539
12.268,0.0100956,-2.7886, 3.12539
12.273,0.0100956,-2.7886, 3.12539
12.287,0.0100956,-2.7886, 3.12539
12.292,0.0100956,-2.7886, 3.12539
12.297,0.0100956,-2.7886, 3.12539
12.302,0.0100956,-2.7886, 3.12539
12.307,0.0100956,-2.7886, 3.12539
12.312,0.0100956,-2.7886, 3.12539
12.317,0.0100956,-2.7886, 3.12539
12.321,0.0100956,-2.7886, 3.12539
